,Leq,Mode1_Q-factor,Mode1_R_divide_Q,Mode1_frequency,Mode1_shunt_impedance,Mode2_R_divide_Q,Mode2_frequency,R3_left,R3_right,Req,cocave,concave_L,nose,r0_left,r0_right,r1_left,r1_right,r2_left,r2_right,random1,random2,random3_l,random3_r,random4,random5_l,random5_r,random6_l,random6_r,random7_l,random7_r,random8_l,random8_r
0,237.0128296,26294.827,203.41972,499.68619,5348886.4,3.51E-09,843.23671,64.38143052,35.14046925,191.8062398,69.76380964,43.82252233,87.83805298,26.27060958,32.5670093,55.64887499,77.13047966,12.95052557,11.56538668,175.8062398,0.499629894,0.268128254,0.600532073,108.2499686,0.369790297,0.588692264,0.48121157,0.657985165,0.378485323,0.436519261,0.279276282,0.422225749
1,227.0354845,25972.628,215.58442,499.66501,5599293.8,3.8499751,894.40588,24.61314334,81.83849145,184.5772551,75.17901293,48.99131346,77.82093458,1.061013697,22.154187,209.6832951,49.62265747,8.485023641,23.20107655,168.5772551,0.461633656,0.728799678,0.098261245,63.35850156,0.431574065,0.662266633,0.12303991,0.656679556,0.889190105,0.566483253,0.393144556,0.508647823
2,213.1766484,26235.634,203.39142,499.65202,5336103,2.62E-06,896.82093,59.39627632,60.4049997,180.0399549,38.46428085,81.02984869,51.26033304,37.06934243,33.86423556,4.152741058,19.35508731,25.05274693,32.13214805,164.0399549,0.312486876,0.473342122,0.464397923,92.36664905,0.760213178,0.360867676,0.756158367,0.753936332,0.043641556,0.123755751,0.558766355,0.605770315
3,257.4689483,27608.336,287.31559,499.64472,7932305.3,5.8992893,788.2637,56.94861148,59.39303313,169.623148,95.04957849,75.63956709,21.20568941,5.399494487,1.829838414,24.30867441,19.23995945,15.13133608,22.37104491,153.623148,0.138037071,0.569931246,0.551471281,138.682882,0.587562637,0.738338189,0.485539187,0.156066441,0.475583414,0.447094617,0.320880392,0.481626962
4,229.8806986,30839.732,286.00542,499.63294,8820330.4,13.785185,882.20969,66.99964952,102.8214513,188.3899828,65.51280308,83.1342162,14.03879408,8.611394317,2.068573546,3.596884289,15.0774698,15.32881136,43.6029499,172.3899828,0.081436252,0.576892033,0.350674585,24.23779601,0.723281395,0.569972194,0.680897013,0.293261581,0.099129754,0.497557936,0.270965208,0.530397039
5,294.3486761,32676.977,282.49842,499.68337,9231194.4,1.43E-07,760.62562,117.1713509,128.8102898,198.2536221,33.77109633,100.9864346,33.61861833,5.323120819,5.88559422,29.91735153,46.46254795,47.84009037,55.87111005,182.2536221,0.184460632,0.211684005,0.133378501,36.72809643,0.686168771,0.229463212,0.458732564,0.838766474,0.654834888,0.79127744,0.637362575,0.590226482
6,233.3104172,26887.825,233.26778,499.64147,6272063.3,8.630074,865.92803,35.143918,27.62567387,180.8748118,47.91176978,86.21355499,34.16137424,7.575349966,7.934148591,40.55810586,92.87669161,5.476174359,9.66707677,164.8748118,0.207195835,0.731137681,0.788654676,163.0225812,0.739045912,0.410712649,0.407918167,0.581989712,0.456381384,0.600929441,0.184229012,0.374472387
7,268.0857275,32235.594,304.18431,499.67553,9805561.8,32.608062,798.61517,104.439915,72.27934491,190.5034143,35.38421897,102.7388491,20.24967722,6.896819931,5.639076328,18.63110491,9.994734015,45.58843335,20.26095642,174.5034143,0.116041725,0.322934297,0.531425648,59.20589758,0.766462654,0.263976895,0.804055431,0.310100917,0.576410884,0.101978328,0.620672156,0.297776657
8,259.7149916,29101.715,314.29802,499.64067,9146611.2,18.809297,794.73628,88.24998668,79.68464062,175.7582081,64.71121946,102.5577565,17.34267114,6.437069228,2.113122809,14.89024176,34.66392165,26.31788273,3.315091289,159.7582081,0.108555744,0.380334558,0.440477898,83.21501828,0.789771556,0.498324868,0.769293984,0.792061993,0.517519401,0.846166977,0.415848055,0.05054561
9,279.2120069,27592.976,294.54157,499.63863,8127278.3,9.6457734,753.22874,41.44756427,26.18303876,175.3573146,104.132294,78.74226964,9.993665388,2.718819615,3.359821015,12.29543378,5.748871478,20.30183959,4.986849626,159.3573146,0.06271231,0.72250568,0.824702738,196.3168783,0.564032117,0.745901261,0.454289319,0.425869955,0.401143091,0.21056871,0.55719149,0.22239877
10,229.6866162,23810.417,225.17454,499.6252,5361499.5,3.2333115,857.59614,69.88587162,70.31061379,165.1802078,68.79437727,79.69177624,51.1640563,14.67364735,17.71382355,24.47665869,38.68767087,8.979819439,25.37451996,149.1802078,0.342968126,0.286996372,0.282662983,89.0653886,0.693917456,0.599028175,0.433525876,0.70749179,0.33845699,0.510642846,0.19568198,0.534636854
11,230.629051,29695.657,254.44873,499.64081,7556022.3,2.68E-07,850.55725,92.44143919,57.07852638,188.5090392,102.7160185,25.8899763,13.00599383,1.499359802,7.647515461,33.73943912,6.643949766,45.06335261,9.769511764,172.5090392,0.075393115,0.420440914,0.642147733,45.74617259,0.224516176,0.890746574,0.223140895,0.746212074,0.483365804,0.212021173,0.512779576,0.206729093
12,326.7835502,36762.834,237.208,499.68352,8720438.3,2.66E-08,690.24754,82.68149281,83.82634754,209.3085675,62.87383493,41.04343256,74.70568896,49.83162614,31.52345203,17.38166903,52.84629417,3.118047229,9.912724776,193.3085675,0.386458241,0.302871112,0.293218271,159.1308551,0.251196442,0.384804161,0.745763031,0.723939162,0.105561399,0.417121517,0.046835715,0.163149367
13,359.8052094,27885.47,360.80715,499.63684,10061277,73.222067,633.29919,120.5937447,49.65163421,174.9462074,82.54718379,116.3519635,14.05085633,2.375255549,0.35126012,11.54692467,28.89390257,30.98599706,11.35570726,158.9462074,0.088400073,0.16771833,0.657327624,118.6177199,0.646749744,0.458843739,0.509003229,0.107346503,0.667886132,0.767116805,0.429689137,0.268320051
14,293.0670037,34826.091,335.77683,499.63231,11693794,2.47E-06,744.74483,135.439901,127.2567518,206.1543774,108.9783168,37.00068659,4.343403034,0.777989252,1.893812199,2.483149132,0.253868148,7.702214755,28.4492865,190.1543774,0.022841457,0.27108772,0.315127902,22.18720175,0.25250667,0.743709223,0.220431315,0.451809768,0.187412429,0.034947004,0.064762796,0.310506918
15,232.5504026,28623.298,220.98158,499.64543,6325221.8,1.21E-07,867.50754,30.93030562,77.46159514,195.0493528,69.65000903,36.47071953,91.30931948,21.43529679,13.55511775,223.6184078,65.93977902,13.52699558,16.25304489,179.0493528,0.509967325,0.647477845,0.117146504,77.62721234,0.313658623,0.599010006,0.833812999,0.39420101,0.718456352,0.62340855,0.487500378,0.367657559
16,240.5053471,20525.385,279.16998,499.67017,5730071.2,9.8019166,802.80115,66.68891372,73.56541937,133.7020865,108.1602547,83.97503388,20.67680381,0.477896461,7.378917458,24.70562233,15.34519105,13.30565915,22.62600478,117.7020865,0.175670665,0.312664577,0.241791239,93.37450839,0.698321554,0.89944158,0.143360881,0.88868781,0.838779692,0.598431145,0.302409665,0.511363379
17,178.9855729,24067.114,167.0852,499.65205,4021258.5,2.67E-07,904.87603,46.79041237,30.69618415,186.205583,37.83777716,60.96997874,77.26958524,31.63554955,6.263390918,74.78213443,205.3669116,23.05322139,12.48950577,170.205583,0.453977971,0.496530801,0.669706197,85.40474816,0.681283723,0.422802537,0.789256005,0.317248022,0.481260992,0.744493464,0.632144693,0.449966069
18,264.5715537,29258.254,283.5458,499.65609,8296054.9,8.7308875,783.15908,32.21256821,30.789411,183.7338103,93.14830035,66.98334561,9.941311879,1.449340258,1.165656097,25.79537188,4.856834616,9.940701736,17.50212378,167.7338103,0.059268384,0.795854882,0.804874051,200.1464173,0.506353345,0.704144486,0.41506471,0.139580263,0.648754437,0.159954657,0.335436055,0.647192502
19,181.2355514,19137.084,146.62343,499.66542,2805944.9,2.54E-06,993.04498,32.38589641,40.85033485,162.5168721,65.87717103,62.12935974,79.66022912,8.972065515,2.78212307,112.128295,59.98897367,5.289354768,16.24359676,146.5168721,0.543693214,0.515591945,0.38898615,99.5348817,0.685620004,0.72697846,0.657715897,0.07161593,0.828757111,0.512330999,0.225169928,0.591593533
20,205.4080657,23400.634,201.0905,499.66316,4705645.2,1.101555,949.62771,65.61752257,55.6187869,164.8446423,61.86786309,72.96897868,49.11612564,12.13389465,8.336608328,14.36401606,30.15975617,17.93221799,24.26168031,148.8446423,0.32998249,0.342038518,0.442298063,74.17302055,0.710478222,0.602389813,0.303537897,0.248270706,0.186114715,0.316340556,0.391798931,0.567404018
21,141.0345528,17303.688,105.91797,499.63776,1832771.5,1.27E-06,922.71072,39.25797298,29.57058548,171.8766721,50.49267399,47.78705084,104.3581312,57.25527195,3.764544682,54.8781281,133.9575629,3.06969908,6.13359586,155.8766721,0.669491655,0.237983602,0.426020517,62.51860685,0.677664443,0.716032674,0.926723543,0.227868041,0.407976437,0.841692043,0.126470475,0.302223362
22,306.6794032,38871.732,281.23265,499.66294,10932000,4.94E-08,699.10533,37.74008461,65.13421977,209.4798912,76.21473689,33.72108084,6.448598095,2.6983993,5.057963766,7.907526739,3.622739991,8.025684783,13.97442582,193.4798912,0.033329552,0.798215133,0.651746942,176.4109637,0.219910959,0.497031989,0.484743597,0.935054118,0.136765431,0.161170576,0.217026979,0.238227354
23,162.514969,19689.529,148.28332,499.66901,2919628.6,4.64E-06,1079.1064,37.83115426,58.64350931,154.1555805,75.7072078,44.27145061,50.18979894,14.62812353,7.912919793,50.42712364,42.76176936,20.21293902,11.50481354,138.1555805,0.36328463,0.56993329,0.333337256,45.22795042,0.544829204,0.931695194,0.470179862,0.378702249,0.380117838,0.583683692,0.629085805,0.293059731
24,260.297731,24226.943,257.4717,499.64322,6237752.1,2.3986772,784.79374,75.39278534,21.41425758,162.5662254,80.89782895,93.40987925,36.11282791,7.324616838,10.72457225,30.48099651,50.37853441,26.32356758,3.575510293,146.5662254,0.246392563,0.317424479,0.806124048,109.5121604,0.717715663,0.62157921,0.4884303,0.64433199,0.584739316,0.539097794,0.52502528,0.197684882
25,130.2885532,15349.486,108.79922,499.68158,1670012,1.83E-07,1320.2376,24.73562601,47.97122462,133.1913209,54.55707204,60.04519873,39.37841939,0.415759997,4.212715885,77.86881835,56.3781115,1.063106228,12.11245821,117.1913209,0.336018223,0.682114077,0.383505515,34.346104,0.921726387,0.837480664,0.097121162,0.70738835,0.891289736,0.848767202,0.053261201,0.34925581
26,198.6663314,30800.647,208.93762,499.65542,6435413.9,2.63E-08,854.74454,57.80163773,28.36603208,208.4425468,23.58405985,47.23736167,91.20615847,7.970753959,14.54360085,175.9540252,269.6023175,13.57775553,4.429376479,192.4425468,0.473939677,0.42904287,0.71980399,83.0630559,0.475544712,0.237423822,0.570764146,0.298852412,0.846884712,0.466430474,0.288624216,0.162175321
27,203.6185583,27787.288,202.1553,499.65207,5617347.6,1.08E-05,873.83034,61.45724698,41.11945549,193.8839809,23.48330263,71.59949101,74.11988686,16.28952209,27.13328568,94.05329527,148.7725917,13.16914948,6.636498563,177.8839809,0.416675445,0.407721452,0.603721732,80.70406435,0.703270778,0.230659748,0.79659334,0.575450958,0.724109387,0.363850306,0.291143456,0.169372617
28,351.6345593,27687.879,277.43469,499.64774,7681578.1,1.54E-08,686.00195,127.8725209,136.6591413,189.6836346,45.95006317,102.4359469,27.85713535,3.283136506,13.16710767,10.28611973,13.82129644,1.310928173,1.027465651,173.6836346,0.160390099,0.123118764,0.062864829,78.31627657,0.5826273,0.261351235,0.170844812,0.796996846,0.310156319,0.40694178,0.017578891,0.012659434
29,197.2135411,22636.928,174.63593,499.6329,3953221,1.01E-05,871.9725,58.87866792,40.03206765,171.1953531,18.12333002,92.65392142,59.78964873,32.50815674,35.67071649,35.26419698,131.2156899,12.3526729,8.008349683,155.1953531,0.385254117,0.382860089,0.580401739,79.45620525,0.939630422,0.183793972,0.908397514,0.917860138,0.401463822,0.350006039,0.312223952,0.20791555
30,175.4146079,22339.666,150.8823,499.6252,3370660.1,1.47E-06,857.78178,38.30506403,19.7389973,191.1275241,33.06145267,61.79398419,109.1599731,1.885341195,69.67653381,136.2176029,6.991066536,0.47637675,4.23551695,175.1275241,0.623317058,0.419334757,0.70077717,98.80447985,0.704547756,0.376952103,0.090228732,0.651686157,0.808582481,0.020544697,0.018002905,0.243277591
31,201.0300722,22488.346,167.45159,499.68255,3765709.4,4.86E-08,834.51259,30.87568205,14.88183325,197.8030924,65.07083214,30.80805234,128.3859364,6.866454799,31.84540174,153.5641103,112.7991818,13.49473884,6.282110288,181.8030924,0.706181258,0.421989406,0.72140349,139.2787081,0.306501928,0.647374111,0.136063913,0.496877046,0.606927956,0.50079337,0.565136629,0.573252147
32,249.3480258,26847.31,251.07177,499.66947,6740601.6,9.0976615,817.10079,44.32485012,75.43914599,174.0894574,93.2053318,55.14967403,44.77257373,14.11725533,8.681795968,39.46002386,51.61014136,9.596680799,29.07177284,158.0894574,0.28321037,0.608841607,0.334263849,98.46973381,0.442350998,0.747592298,0.456287977,0.864954907,0.308966369,0.775816292,0.250226156,0.569785845
33,231.010999,20946.289,186.64752,499.66875,3909573,2.98E-07,847.2723,12.44337727,46.98897758,184.5576084,33.99454079,100.1202168,110.8804829,1.597008788,18.93144496,157.7756033,117.6137731,5.495183227,4.937038195,168.5576084,0.657819507,0.78425802,0.185309997,137.0330438,0.866800432,0.294311015,0.176820965,0.770536511,0.91854487,0.778417513,0.637975736,0.163729065
34,299.6375231,29518.265,307.1841,499.6002,9067541.5,19.081895,720.54,75.42251613,15.28771558,184.7747402,97.87995937,77.79823971,15.0532405,9.807224658,3.371133529,7.282472943,18.51889116,6.78767918,2.040535385,168.7747402,0.089191312,0.5093561,0.900549269,148.7924909,0.519282358,0.653322443,0.813849392,0.367721948,0.199480197,0.390987224,0.108490032,0.151045986
35,315.6613904,27512.368,325.49984,499.60792,8955271.4,22.130682,698.88843,61.15275141,11.74777803,177.5749675,119.3268875,86.96847464,3.107216855,1.272785288,0.932324059,2.663388353,0.363003376,3.894141537,1.787572899,161.5749675,0.019230806,0.614099707,0.925866443,193.3558876,0.551023833,0.756043603,0.608834771,0.313045535,0.327202862,0.041509498,0.075150562,0.176411792
36,251.3501698,30819.751,222.04045,499.60636,6843231.5,11.075314,823.29569,80.74760691,11.77174224,203.7909857,46.06701034,53.53688943,73.46776593,56.77741958,30.82105536,20.45874516,156.4221443,15.18792042,1.602201761,187.7909857,0.39122094,0.293690231,0.897031047,89.85495599,0.425994456,0.366556429,0.913566511,0.771529355,0.154061782,0.456251318,0.252043265,0.145146328
37,168.8465548,20989.069,145.91061,499.65103,3062527.7,6.86E-07,864.22749,44.20040281,13.98922969,190.6151388,68.48216796,22.50588781,94.71657567,17.05542316,7.149111188,260.4522933,106.061861,24.34637544,7.808710875,174.6151388,0.542430492,0.446793521,0.824912625,80.4457492,0.266583915,0.811176373,0.876048454,0.144163615,0.794454306,0.47643525,0.612352326,0.679215801
38,189.5786741,24729.442,169.56034,499.62741,4193132.5,8.42E-08,840.18178,27.02597823,9.849977453,201.8266585,45.20310957,40.75003514,110.3313107,13.54904033,57.82286596,254.2243586,154.1607026,2.984170885,5.059588064,185.8266585,0.593732415,0.642017965,0.869528683,135.5267176,0.429901046,0.476879689,0.767089971,0.926830892,0.839910277,0.434542023,0.128801991,0.578809081
39,232.0743448,21059.257,198.12129,499.62389,4172287.2,4.41E-06,863.42769,46.32422249,57.42891132,160.5148747,95.3670042,49.98747528,59.04659607,1.963035417,26.90366925,98.69514884,24.44247484,0.768034611,2.033791086,144.5148747,0.408584903,0.457995139,0.328067533,117.2165222,0.430788464,0.821865978,0.178821263,0.660115311,0.814085137,0.309765214,0.021108224,0.05589353
40,204.687293,29174.01,202.78696,499.68205,5916108.6,4.26E-07,833.75595,20.36240136,14.84935224,209.6412096,41.08865495,26.68182322,92.7308521,15.04464051,11.71270514,250.8027146,294.094654,1.726876161,7.219317514,193.6412096,0.47887974,0.79821297,0.852846104,163.9624903,0.260708155,0.40147734,0.287813651,0.448316041,0.436302413,0.718259889,0.088211273,0.521751202
41,225.5164655,22389.712,186.33789,499.65525,4172051.8,4.28E-08,825.57253,64.69548568,62.61558667,174.3169741,32.12413686,86.55665454,76.08650164,30.1108742,7.796109519,6.485692451,74.85824189,22.98768505,4.274587357,158.3169741,0.480595982,0.213241956,0.238535487,96.12549419,0.767630464,0.284893937,0.425397234,0.228725745,0.069704144,0.552023467,0.596931774,0.092049263
42,352.9427005,28392.665,323.67194,499.67104,9189908.9,147.66825,699.68972,116.517825,69.08004103,172.2533575,132.2662529,81.79124583,2.091995108,0.113246575,0.618112435,0.650622143,2.400163783,53.7916141,16.42129277,156.2533575,0.013388481,0.244182698,0.55189783,119.9070505,0.463481725,0.74950553,0.067601239,0.790359939,0.199226383,0.626163332,0.664184136,0.316664779
43,273.1247927,30139.562,226.37648,499.67531,6822887.8,16.696011,788.69312,19.39275875,5.349760203,207.5809988,56.32803601,41.14435177,96.48339549,3.098431652,37.8692052,339.905622,132.2848171,2.696186152,2.349310517,191.5809988,0.503616727,0.79607521,0.943744532,234.3392752,0.3012861,0.412471057,0.30724395,0.648338905,0.895478411,0.394615179,0.151474107,0.487881242
44,428.9218509,16023.479,144.90393,499.61751,2321865,6.37E-09,713.77671,89.49444713,16.77301648,145.2657057,154.6765746,40.19484312,30.59836769,0.421715195,2.829137919,35.13587143,22.26683644,25.38664476,2.485721289,129.2657057,0.236709091,0.092967856,0.830004368,249.9329566,0.187422688,0.721234296,0.163610979,0.164557146,0.915761903,0.43812577,0.467857438,0.206534487
45,202.8092224,30158.928,209.7458,499.67481,6325708.4,1.26E-06,843.15592,24.2450435,9.604286732,209.6196497,37.20437664,29.3347934,62.16130663,6.421597837,17.74790541,290.6297654,127.3121424,0.643032073,5.55994519,193.6196497,0.321048544,0.815568621,0.926940455,154.3191354,0.28928461,0.366890383,0.277762747,0.411222624,0.628080482,0.305695515,0.027287632,0.599113192
46,233.7450999,28985.873,206.49563,499.67003,5985456.2,1.05E-06,828.87607,21.34702073,18.17381633,207.6814734,44.76418463,39.80224502,138.8345086,41.36809428,16.68584933,171.232302,237.202566,2.788778825,5.813393412,191.6814734,0.724298004,0.596059664,0.656104823,191.0510584,0.340561107,0.383017096,0.738966178,0.740653823,0.596778644,0.837730977,0.165926521,0.408261125
47,265.8441216,34542.436,256.51214,499.62615,8860554.3,19.831109,789.05027,64.0469808,67.69043845,203.4103791,66.58167525,40.99171815,56.42578963,29.41586355,9.146943246,78.63940055,108.3725625,33.46455646,36.50100717,187.4103791,0.301081455,0.511034229,0.483218303,130.4632447,0.308389126,0.500907636,0.858607713,0.921954053,0.392831585,0.824171585,0.578435562,0.657860306
48,251.5066567,10432.476,119.90989,499.66474,1250957.1,3.13E-08,738.0445,10.66893439,2.554957829,183.413972,48.83155561,110.694252,136.0636876,12.4420676,39.38110187,33.60602526,38.83578718,2.037297967,0.915430064,167.413972,0.812737945,0.659686201,0.918502882,230.1687879,0.880249083,0.388312232,0.11503936,0.345813864,0.205115803,0.163042846,0.324575041,0.487043932
49,248.9831555,15360.221,161.24605,499.6174,2476775,0.022258921,889.79307,26.31227616,10.27451001,157.790904,99.76894485,88.99828448,113.6704551,6.9067751,6.119523879,100.7697412,119.1627078,5.178536638,2.776617483,141.790904,0.801676637,0.064300992,0.634624965,196.3586032,0.71489402,0.801411201,0.462695717,0.439261908,0.868679588,0.877440638,0.385823204,0.462115921
50,333.5646431,31244.579,260.2732,499.66921,8132126.6,3.51E-07,698.43164,57.49892694,89.92744551,188.8747682,37.23509911,107.7005989,21.59807113,8.915661137,0.604848504,21.77042229,47.87635314,17.73193457,37.2859852,172.8747682,0.12493478,0.619908895,0.405543304,153.7097521,0.645755485,0.223255671,0.762838016,0.073708634,0.45886421,0.62006152,0.38343164,0.45842827
51,170.4399488,27347.549,182.46274,499.63831,4989908.8,2.36E-06,863.7809,5.831499365,73.56732109,208.7272787,38.85192891,31.84015264,77.58950003,23.96713856,3.882152345,263.813833,185.6120132,1.854461716,42.07657549,192.7272787,0.402587016,0.94935199,0.361049675,23.30530665,0.373623119,0.455901673,0.599955907,0.891366681,0.485134372,0.94386765,0.328243232,0.68096476
52,233.0601672,15248.373,146.05564,499.63571,2227110.9,1.38E-07,858.64882,34.01115871,17.23549943,157.5604421,61.90831627,99.40332948,94.41428514,13.9259967,10.07700635,63.43486694,58.65371217,8.350548819,2.776815356,141.5604421,0.666953873,0.278601674,0.634424086,165.0378498,0.853027188,0.531264669,0.358823173,0.174912233,0.588937276,0.389797983,0.435619712,0.229268963
53,96.29250709,12645.391,61.205924,499.60281,773972.84,3.44E-06,955.40967,46.29416624,44.33239391,156.2737653,38.96865605,35.5525952,80.44435996,18.09339889,49.88017048,38.82684788,2.760740541,15.11731086,3.784807512,140.2737653,0.573481148,0.226230547,0.259019981,3.704174606,0.738429111,0.809380859,0.337056056,0.634840271,0.332698006,0.023284994,0.489575879,0.126817377
54,255.3875281,26005.784,214.67527,499.65801,5582798.8,2.89E-07,799.02097,38.85724764,31.79539506,195.1887593,82.64359401,28.68882126,114.2701406,17.30928289,7.130345974,185.2306332,121.7829147,8.25608522,1.933255592,179.1887593,0.637708197,0.40144679,0.51022687,177.6730328,0.224668929,0.647201487,0.536078305,0.223662038,0.717435185,0.721011975,0.261747796,0.090168616
55,281.4096268,30290.527,280.21062,499.6446,8487727.1,43.457372,778.49493,104.368059,23.58604825,192.9107334,95.87239795,55.36143066,19.33439723,10.58427515,8.536793613,15.0648087,25.50597744,31.37389487,3.68473925,176.9107334,0.109289001,0.337666673,0.850319859,72.6735087,0.393457973,0.681372553,0.819303085,0.765689554,0.331831659,0.42335116,0.365888829,0.177135957
56,134.5215256,12156.704,73.28903,499.67722,890953.05,2.23E-05,948.54085,16.92819544,11.06205333,159.3713648,54.63551203,50.34022216,125.5257242,23.11826016,26.68555342,98.07670362,81.45132544,2.957373606,3.89698498,143.3713648,0.875528558,0.051410039,0.380125733,100.6651347,0.748433709,0.81229397,0.791174696,0.498217677,0.767217664,0.573298327,0.343176762,0.629156547
57,237.5158821,19684.745,221.51946,499.66597,4360554,33.716559,843.21589,77.33735888,69.02667771,144.1217555,108.6020302,58.01819084,44.6169122,4.995947181,6.67126093,21.82249083,36.30732404,4.113940589,17.20872783,128.1217555,0.348238377,0.073857805,0.173381148,82.8411643,0.488541569,0.914482259,0.199907811,0.520028537,0.439870348,0.712471274,0.09643762,0.441904534
58,333.7881682,31212.675,290.55084,499.64517,9068869,36.588526,666.61136,35.89509281,69.01655198,188.0804797,71.4726073,89.57183079,35.32533565,7.316504531,10.78336132,19.02039072,27.76236615,16.8576879,25.98051966,172.0804797,0.205283805,0.737522906,0.495327562,195.7550642,0.536698657,0.428251293,0.260385745,0.461079276,0.204573338,0.337947762,0.553566397,0.459546316
59,321.4828821,32144.148,227.25076,499.66118,7304782.1,3.71E-06,698.83986,9.976547605,60.11265715,200.4434534,77.8083179,27.16297182,72.06643502,39.42804513,17.36318191,134.3535144,55.14629169,3.845762836,20.18533152,184.4434534,0.390723735,0.911222528,0.465080512,201.2575678,0.168985494,0.484058855,0.722788874,0.406856792,0.243061235,0.407818677,0.396016836,0.442843445
60,86.22093507,12530.537,62.835775,499.66772,787365.98,4.40E-06,1015.4995,7.823322154,36.40114892,163.4638684,32.66963359,32.7447844,85.88534587,5.270471481,6.018433807,283.8696574,72.14736796,3.984686355,9.559627609,147.4638684,0.5824162,0.872953721,0.408866153,13.41863724,0.759555307,0.757812092,0.845519471,0.11941278,0.927421701,0.41316824,0.563435441,0.335567073
61,359.1378165,22350.829,314.10803,499.63245,7020575,176.90406,727.04559,99.01246395,68.61243193,151.3444645,68.97734216,138.3636541,1.549916489,0.656414444,0.158489932,0.979038875,1.268710999,1.374144977,31.7842476,135.3444645,0.011451643,0.259966378,0.487180659,161.1128886,0.770532357,0.384127424,0.834570345,0.157975659,0.49253408,0.352703582,0.022526144,0.565867465
62,215.4818872,14220.958,122.95857,499.6604,1748588.7,3.22E-06,905.65319,13.82083452,6.070134235,166.7341946,79.77796686,79.63114288,107.4850443,26.59128678,41.29829871,105.2191771,94.31267824,1.095089864,0.931269392,150.7341946,0.713076715,0.680436854,0.859647318,187.8402182,0.73909825,0.740461,0.777630629,0.871526211,0.681860235,0.559136983,0.119532724,0.22010354
63,347.4749696,29172.918,267.39376,499.64658,7800656.2,4.79E-07,694.15036,10.66721739,137.6063448,196.1325188,57.13953524,110.6916598,17.81268387,2.190364633,11.55203983,46.89858058,2.487101982,0.294076316,20.8462298,180.1325188,0.098886553,0.934282724,0.152251819,72.26227997,0.637120193,0.328884324,0.870067263,0.714031127,0.858670042,0.091735849,0.031361802,0.220972749
64,211.6684955,16371.935,136.74563,499.64035,2238790.6,5.61E-06,899.02545,23.16399073,6.029226757,171.0860128,66.17804944,80.8715595,114.967762,21.80181342,36.95880563,102.8108981,109.7055032,2.091548705,0.801411434,155.0860128,0.741316125,0.42260716,0.849713618,165.340514,0.764134118,0.625299002,0.692658307,0.768797963,0.726222663,0.581852382,0.150911392,0.186415706
65,194.4441466,22736.83,166.16711,499.65068,3778113.4,1.65E-06,883.2982,38.4172227,36.48183502,187.1507454,45.65922469,60.40670312,125.18653,18.3043093,7.208440178,106.6567203,83.87998117,12.18150122,7.222003198,171.1507454,0.731440168,0.164192789,0.20629919,117.6097012,0.621327041,0.469638459,0.589968177,0.126604373,0.752162421,0.545184779,0.5659288,0.331336221
66,350.2584484,22584.682,238.86705,499.6358,5394736.4,2.16E-07,755.75174,73.6252471,48.45741776,149.3951601,151.8754196,43.8876722,2.884599372,0.339226311,1.639827506,5.795617265,1.662691803,29.82265428,22.79551049,133.3951601,0.021624468,0.435867514,0.628708838,203.0079542,0.250601648,0.867219165,0.373287185,0.866231364,0.684963449,0.343735733,0.465201229,0.652557843
67,289.9503021,20106.366,230.17236,499.65172,4627929.6,2.83E-07,810.73064,44.03581835,93.21398898,145.8016138,121.8807934,25.05365166,29.97641844,1.800379537,0.928730484,9.334733568,27.71614089,18.87410557,15.93610657,129.8016138,0.23094026,0.558870702,0.066227833,103.5223241,0.17281342,0.840701269,0.064353016,0.24946123,0.066712562,0.875804203,0.457064058,0.32457078
68,201.0899625,16445.007,187.4324,499.62443,3082327.3,1.5033828,920.37439,63.9258326,50.77136238,119.4880347,73.37989075,93.74049287,32.66538106,10.01271169,13.77346146,19.76849121,3.545895817,22.38148403,3.174327257,103.4880347,0.315644037,0.097381568,0.28311974,73.2382973,0.932323938,0.729821517,0.70029266,0.459752685,0.562292077,0.082869588,0.653126349,0.100008515
69,255.676579,29744.531,220.52522,499.64536,6559419.3,1.36E-06,809.43801,19.60871378,10.85600153,208.9930139,60.51413547,26.58551185,129.9583998,23.14278856,10.31207232,180.8537135,248.2442888,2.582954343,3.529145246,192.9930139,0.673383959,0.688921491,0.82777714,216.4591514,0.207962043,0.473364715,0.292966211,0.635608856,0.392153671,0.875160605,0.14582021,0.405065543
70,139.0992432,14385.392,91.327538,499.65685,1313782.4,1.44E-06,907.76853,15.33725202,3.929461599,173.5898679,33.5667471,63.02118079,135.7326211,23.81604119,9.444945185,111.6516627,138.5477943,1.343091708,0.12183044,157.5898679,0.861302969,0.298298996,0.820221566,108.4247392,0.906132619,0.48263019,0.67975543,0.179358187,0.741873465,0.612033702,0.159143933,0.043122357
71,259.4773473,32784.439,232.14766,499.64578,7610830.8,17.599631,796.91257,29.1923124,7.607203654,208.5885594,40.37688184,44.75983592,63.53449601,33.20563935,16.38491015,124.7176822,115.5882346,17.72102333,0.217651244,192.5885594,0.329897561,0.773797805,0.941054133,201.0927225,0.34499995,0.311217008,0.900797983,0.365543265,0.419803837,0.29450216,0.647223596,0.029766812
72,212.0668485,17171.776,145.67469,499.60034,2501493.2,4.65E-07,830.25782,4.134774086,1.602176977,197.7455842,45.52537287,77.93944022,176.570459,1.161750481,41.47219664,168.3387396,36.35212278,1.003315363,0.105262559,181.7455842,0.971525442,0.201029165,0.690408073,203.7973003,0.735045961,0.429349266,0.111026291,0.290097399,0.940738999,0.190354031,0.478934714,0.122024637
73,201.9539686,16099.924,134.51033,499.68229,2165606,2.26E-07,803.26371,3.445002381,2.967726532,207.4550493,70.90125377,38.30446078,184.1837644,38.87130693,31.81430166,146.8593869,61.82825576,0.251065112,0.859402455,191.4550493,0.962020929,0.52621821,0.591856657,195.0639638,0.37933853,0.702152617,0.758265225,0.25250535,0.721672154,0.315930125,0.132848426,0.546525525
74,192.4392461,25871.304,175.48995,499.60267,4540153.9,7.10E-07,828.25307,33.17762717,15.70522604,199.3454604,15.3068629,61.60791622,86.66371278,34.11414821,36.60252631,42.88121624,388.9671119,12.48819157,2.552182648,183.3454604,0.472679894,0.656836704,0.837557487,126.0839918,0.640284323,0.159082549,0.492401041,0.728793441,0.200573982,0.420478817,0.451537989,0.164925621
75,263.8907905,27134.373,236.17334,499.66446,6408415.5,11.980023,785.05439,54.5213295,42.84877095,182.9595543,52.34921644,84.53410412,62.16882752,17.67400515,26.86236025,71.46911084,63.96309839,1.462341974,20.8394885,166.9595543,0.37235861,0.479712269,0.5911015,154.8481315,0.640674909,0.396749097,0.821362396,0.693039395,0.653879371,0.376532859,0.036388233,0.567875008
76,213.039523,24752.251,174.52396,499.69094,4319860.8,5.95E-07,807.10743,29.55446979,12.80516143,204.1188834,71.269549,21.14985538,140.4429798,83.94190657,22.53684687,100.9944344,183.4460844,10.60666241,3.578050066,188.1188834,0.74656503,0.380096284,0.731412297,153.9305834,0.198553349,0.669073494,0.893185107,0.867723613,0.330828678,0.815068155,0.447804014,0.396499224
77,254.0878117,19235.052,188.46696,499.60781,3625171.7,3.0442668,819.28958,17.63352157,24.12573682,159.9050751,93.48571841,78.33139803,59.45347489,14.10628384,29.8247346,54.58554003,30.50911605,9.188066445,4.256107988,143.9050751,0.413143698,0.791199675,0.714324693,205.8363381,0.616569504,0.735853623,0.411635815,0.696333798,0.423602324,0.279586455,0.650793685,0.234832315
78,226.7267026,18753.084,149.86758,499.68514,2810479.4,1.16E-07,774.79735,9.988278363,20.97838853,209.4145037,62.17693247,44.46040556,168.2689599,76.12153416,52.32922816,53.43560597,44.24431737,4.29661832,3.108609722,193.4145037,0.869991426,0.602781374,0.165721422,184.7699255,0.392193818,0.548474721,0.585412912,0.412396151,0.227246065,0.2459056,0.659730275,0.278059674
79,113.3548607,22003.657,126.0546,499.62075,2773662.1,2.84E-07,833.79524,17.47139901,28.98265732,211.3819533,26.95196716,11.6028447,117.0850405,27.25234628,11.59617091,513.3746882,383.6067584,8.518604131,8.938720616,195.3819533,0.599262309,0.776857115,0.629836525,55.38954607,0.204717198,0.475532624,0.397508815,0.607206628,0.414461138,0.836891463,0.494957489,0.336256856
80,282.1266314,32912.914,247.0155,499.67951,8129999.9,30.360076,755.73385,40.0518128,53.96047351,201.1093697,34.29410315,72.10333577,55.40189602,24.96974789,8.670114136,70.97517286,91.960176,14.68984473,15.38543672,185.1093697,0.29929277,0.691214302,0.583983313,174.2056844,0.511141649,0.243111421,0.821302007,0.243855382,0.451234696,0.358247098,0.424355134,0.304302321
81,84.85800864,12462.7,56.527157,499.60394,704480.99,1.78E-05,899.66296,28.55311522,24.41526383,173.371087,26.00306555,33.16117063,103.2643805,39.54074616,14.17460442,99.95394629,55.16691448,6.228007191,5.837453607,157.371087,0.656183944,0.472281403,0.548757161,27.7517782,0.781568438,0.612860612,0.730885279,0.171766759,0.476103977,0.20086292,0.278714191,0.281060997
82,290.2723591,19470.234,187.97744,499.66384,3659964.7,8.71E-07,760.70926,11.90890636,67.06661884,162.3425305,104.3396074,42.96953763,72.71333473,25.54064623,13.11493668,41.13947247,34.02532306,1.852780659,7.159428514,146.3425305,0.496870831,0.838258367,0.089130091,156.1391214,0.296063585,0.718908323,0.427079381,0.321753312,0.17755055,0.439430958,0.175618858,0.201066591
83,227.1470233,16927.904,160.94094,499.69678,2724392.8,9.0443522,892.92772,40.24922644,11.28847144,142.4417725,69.89959992,98.37137025,50.46257961,33.27026491,43.52472481,1.795471101,6.443918661,6.528868362,3.931495364,126.4417725,0.399097376,0.470259884,0.851426805,146.6485704,0.866147122,0.615456887,0.676163263,0.91349822,0.024931245,0.055811121,0.245588933,0.427329224
84,206.8920167,13716.982,126.15872,499.63669,1730516.9,9.45E-07,849.8217,4.448213144,8.704873176,182.0699711,50.43957736,87.94149515,131.647442,6.846666424,11.46394611,53.62681812,185.5523068,0.032626465,3.37081994,166.0699711,0.792722737,0.870776109,0.747116978,189.4822703,0.850119754,0.487593269,0.073407323,0.63774333,0.291520387,0.863455005,0.011249499,0.544349213
85,264.3491936,13986.697,141.2621,499.66204,1975790.1,1.53E-07,790.00551,39.58163979,7.314609136,149.8586239,76.02258495,100.4471132,82.36752391,42.60340102,19.05289489,6.930912082,47.03932751,7.202574194,1.413902963,133.8586239,0.615332218,0.231291625,0.857944205,185.185914,0.75995778,0.575167898,0.559027664,0.34455404,0.074758807,0.328652131,0.326498524,0.263654531
86,67.48499701,10157.298,44.050264,499.62488,447431.68,2.57E-06,872.72101,23.5479135,15.07291105,179.8604749,19.49036395,24.97059678,112.9667611,12.70345929,12.97629887,34.40406493,145.6843844,4.917397213,3.082957651,163.8604749,0.689408237,0.537311944,0.703835505,20.38917001,0.740034019,0.577620651,0.127516444,0.170968668,0.118128861,0.328132499,0.247485982,0.222874841
87,210.9027544,17738.478,144.02811,499.66606,2554839.5,1.75E-06,870.94074,25.4260759,29.26731831,175.6168239,59.87001423,72.90962036,111.3756331,25.41904906,36.06238058,72.78803773,65.1628872,1.429871415,7.77916627,159.6168239,0.697768758,0.472938469,0.39331269,152.3681177,0.691405104,0.567749951,0.439136668,0.566395813,0.480280022,0.428331618,0.087714118,0.413558587
88,355.7075607,22117.987,301.11141,499.6637,6659978.2,115.56967,647.81149,88.66396466,101.6600742,150.7106436,121.3009291,87.79189386,23.89021692,6.311230201,0.36039446,12.81579932,18.70665755,36.18044554,27.4521789,134.7106436,0.177344687,0.19993121,0.082659422,152.3874122,0.493618374,0.68202615,0.453817984,0.055081126,0.417880395,0.726123226,0.661878478,0.502871179
89,239.4886863,17393.87,177.09967,499.66723,3080448.7,17.948109,847.28657,29.35307526,36.74020786,148.2606503,107.2966563,66.1298402,63.071725,11.6568273,12.02436164,88.49113819,59.25108347,5.528228649,2.048692939,132.2606503,0.476874451,0.575754716,0.468987158,166.0082706,0.552258574,0.896047809,0.891784616,0.629905209,0.792754229,0.697342026,0.254746291,0.087542656
90,245.9636209,22125.607,189.22314,499.6629,4186676.8,1.98E-06,777.74015,23.68491041,22.35723262,192.2782968,82.43278424,24.96843569,103.9312922,6.501791883,17.9618362,257.9849001,8.543766294,4.792503168,6.003439087,176.2782968,0.589586433,0.672620718,0.690972242,198.5938001,0.203025436,0.670284361,0.1562628,0.1812122,0.599658018,0.046288605,0.218920155,0.362645349
91,208.3175484,14669.143,124.4735,499.66985,1825919.5,7.55E-07,853.74612,22.44585092,33.01042618,169.0805748,61.9108504,77.42927707,112.4206471,30.47520234,33.61310538,36.24109816,55.45204444,2.127396813,6.36644886,153.0805748,0.734388718,0.447961368,0.188133674,142.2966961,0.743377384,0.594389199,0.36403291,0.530188495,0.255336838,0.436060835,0.155553518,0.344611068
92,200.9855437,12240.341,104.1934,499.67678,1275362.8,3.41E-06,897.71627,21.77133061,5.189338237,162.2546045,63.02661801,92.13416256,122.698248,1.622865948,48.38684566,100.0540696,36.88356137,5.526997871,2.210870324,146.2546045,0.838935967,0.075776822,0.779705395,157.4428825,0.916823776,0.627175635,0.066067194,0.509180096,0.799802604,0.225506939,0.498128546,0.673526688
93,173.7093739,15277.612,112.77336,499.6366,1722907.7,6.08E-06,882.35581,2.070002755,9.382574816,180.8940875,46.77422362,69.65072293,154.6528757,22.45075758,20.45350273,122.8810041,135.5884843,0.177786151,1.248633352,164.8940875,0.937892183,0.797875213,0.083841347,154.9442243,0.801922445,0.538534249,0.495108114,0.949975721,0.70679393,0.860781424,0.154264961,0.261384239
94,147.5300699,16118.667,108.83821,499.64349,1754326.8,5.00E-06,871.02588,5.213912414,8.912871201,186.1241756,66.62580812,24.37421509,159.6647813,19.12335722,4.91248558,113.3827686,149.254032,1.77891222,0.639985985,170.1241756,0.93851906,0.501509141,0.147859713,129.7043275,0.330430469,0.903216655,0.280867266,0.355075608,0.573563981,0.913349451,0.567955235,0.14037044
95,277.4832403,28926.495,222.63847,499.66122,6440150.6,15.067527,796.42604,14.39550608,3.424564154,208.2731505,59.76954781,43.5925739,127.0040414,3.408247964,43.79817775,322.005434,181.3141367,6.256757609,0.448606976,192.2731505,0.66053966,0.779443809,0.947531624,248.6922281,0.314199689,0.430797534,0.430648915,0.815503005,0.937685332,0.5771241,0.508809826,0.157023075
96,234.1147001,16895.946,181.388,499.61972,3064721.8,3.7143754,882.59361,66.54746938,7.714433425,140.5236859,105.5469971,81.21373335,44.44910151,8.565720597,24.60329785,34.43613288,33.45785915,26.54825083,0.471914925,124.5236859,0.356952986,0.168931442,0.903659401,101.0197613,0.693794395,0.901669114,0.560792779,0.917305731,0.656364119,0.396584821,0.688664744,0.080294095
97,140.9648387,23016.704,139.34503,499.64183,3207263.3,2.03E-06,838.10597,28.21738641,22.62715691,204.2543062,49.07031884,10.87787515,113.1921787,51.32885712,8.492092936,75.57516686,241.3192254,18.4989339,3.459180906,188.2543062,0.60127272,0.624079581,0.698554282,84.53006589,0.154334588,0.696206505,0.49103168,0.474761987,0.076502631,0.841976244,0.669742405,0.182064962
98,384.2925717,30704.636,273.25306,499.63127,8390135.8,121.3738,653.6451,104.7445759,14.05801627,184.9507367,46.61583567,113.3220816,19.24592822,1.700442635,4.410892554,17.90551395,87.07891088,31.95188979,0.818190817,168.9507367,0.113914438,0.300325908,0.906095092,174.8034198,0.589769826,0.242605968,0.239951205,0.938329243,0.631786092,0.755751241,0.453355379,0.060687416
99,343.7615444,23316.109,310.96571,499.64829,7250510.4,31.222393,620.42682,55.069798,77.28735971,152.5002118,112.6656219,99.3828772,28.95047422,13.30192125,12.83427266,9.212905845,8.155038847,19.69411429,20.00048649,136.5002118,0.212091057,0.487959717,0.281380304,189.186825,0.578208231,0.655487059,0.56853317,0.565465028,0.191829707,0.216011254,0.498698544,0.415208002
100,275.6969083,21347.864,232.69995,499.64574,4967646.7,5.2910147,745.55155,39.7163372,50.65186213,158.3037955,101.2772106,83.53250195,61.17948795,11.98373172,3.713292811,77.10701476,69.41182444,12.04994875,15.45400953,142.3037955,0.429921688,0.510426179,0.37562657,174.393184,0.60597344,0.734699647,0.898236068,0.387667645,0.781930087,0.843435317,0.429248857,0.479456594
101,154.8813675,21578.519,136.25025,499.65424,2940078.5,6.68E-07,828.70641,28.65274797,17.76621288,200.3598294,31.0414197,41.33159,119.516943,59.77810704,8.077587874,27.98598091,337.5816108,1.852867479,5.630756405,184.3598294,0.648280829,0.558120411,0.726011381,97.57587155,0.533719332,0.40084124,0.559596594,0.442913164,0.10620562,0.847407346,0.080304021,0.354719945
102,140.2612415,19995.4,124.99377,499.6447,2499300.4,1.09E-07,806.12498,9.362726631,34.63691224,209.6264452,30.40255107,26.3136541,153.2750633,9.014563833,43.13912749,139.6219424,33.50512373,4.919072077,3.395638601,193.6264452,0.791601907,0.767970112,0.141617695,70.98741699,0.3752092,0.433513218,0.088384229,0.343790514,0.334576037,0.18133549,0.61400288,0.166493144
103,247.7534157,16386.536,179.84012,499.66615,2946956.5,0.99387868,779.2245,32.52657326,54.8700986,140.8716631,86.62099967,91.35306637,62.14279246,18.46634002,2.660285342,11.11965926,26.93220377,0.492030904,20.38687756,124.8716631,0.497653278,0.481473635,0.12528158,138.0132185,0.737451519,0.699251709,0.341290099,0.070858891,0.129304352,0.395852329,0.023342194,0.682684859
104,174.6899868,19857.852,134.06303,499.65089,2662203.8,8.42E-06,845.42906,32.07686317,12.26584362,188.6854402,41.51376795,54.68912855,107.2123538,50.03570939,25.67885228,38.94553005,155.5235272,11.84703589,2.990670478,172.6854402,0.620853464,0.510075591,0.812658234,110.5362605,0.6261278,0.475285032,0.586160014,0.478026509,0.203805741,0.498952618,0.497985398,0.280576744
105,259.9298215,17356.332,171.73352,499.65491,2980664,3.27E-07,741.44046,20.35451525,18.46570118,200.158074,30.68807775,85.17198895,149.3272264,21.2282304,48.6451653,21.21826604,146.6246169,1.742597608,1.605833777,184.158074,0.810864401,0.415618148,0.469846345,219.220791,0.655346035,0.236125871,0.161540689,0.79294026,0.11997935,0.589171829,0.147399572,0.120995187
106,101.5115371,9908.6859,48.353571,499.63776,479120.35,6.74E-06,932.04215,6.016382143,2.820077887,154.3606153,36.72060574,47.35873928,83.4318055,17.06428087,50.48384568,91.52713523,75.66134851,2.87716522,0.850076435,138.3606153,0.603002562,0.890469461,0.948659403,89.47877283,0.93307107,0.723476499,0.367904488,0.849168384,0.444068525,0.287430922,0.573449905,0.340932148
107,145.655377,22217.581,134.15996,499.64624,2980709.8,4.64E-07,809.49429,28.56742669,13.62710325,209.5259933,32.96386188,26.09465213,144.2954025,72.04902786,10.68120295,49.17336941,330.4930144,7.658876667,4.596773518,193.5259933,0.745612514,0.419722043,0.723198462,88.52052366,0.358306747,0.452628149,0.597865884,0.722094779,0.164835819,0.897488292,0.340469366,0.400871957
108,335.6764793,27775.463,270.50743,499.65373,7513468.9,98.077063,707.2433,93.22597295,85.7003941,176.1888059,109.2790075,55.30219776,30.95239705,14.25760112,12.50823605,8.764736017,21.56963507,38.76554881,15.5317683,160.1888059,0.19322447,0.278640023,0.336871127,149.2245334,0.329497008,0.651097198,0.544172667,0.766096425,0.153522441,0.472505003,0.552359695,0.269108607
109,189.8279748,17235.616,136.23592,499.63536,2348109.9,4.83E-07,813.54896,5.547555037,5.264571162,197.2089412,14.56630594,87.60961288,171.8137745,49.00651648,9.089221102,121.5606361,148.3970022,0.727649495,2.281674114,181.2089412,0.948152853,0.409530957,0.439651112,178.7328647,0.92304217,0.153468486,0.883404179,0.152383994,0.677123524,0.652840274,0.251416406,0.688619054
110,153.5246063,19933.169,127.98906,499.63215,2551227.7,3.50E-06,844.07672,22.35100987,5.747632652,194.3086683,27.77492827,50.70143271,105.4733091,37.99772607,23.08582111,82.56326816,243.8283053,2.384876212,0.794497568,178.3086683,0.591520929,0.693129682,0.92108733,108.8225866,0.660499107,0.361830314,0.533895808,0.405050186,0.325225713,0.459626656,0.128914192,0.146277233
111,311.7926749,20532.442,228.83097,499.61098,4698458.6,90.80568,749.27205,86.74037621,24.20260077,146.7941876,59.45423361,113.5852299,36.29284953,15.62719434,5.767968383,2.307702783,37.53212541,25.32055194,11.88606824,130.7941876,0.277480599,0.082125418,0.743891449,138.3119225,0.728594602,0.381370304,0.457772816,0.255789025,0.059389233,0.378673472,0.54712124,0.573506541
112,411.3621837,15699.817,266.39891,499.60235,4182414,166.37594,595.74176,88.14761963,12.47999243,131.0758951,178.5122395,111.7735762,4.607214211,2.82808347,0.186644583,0.582727103,2.807459688,17.43529042,0.582226231,115.0758951,0.04003631,0.202057824,0.887026872,235.0669444,0.543431461,0.867907876,0.684873565,0.063362351,0.1037206,0.360639648,0.332998941,0.064478496
113,126.1981438,18977.405,106.69958,499.63726,2024881.3,2.41E-06,840.09664,47.09510958,6.487764671,196.724473,14.95286912,51.91923153,129.9889298,15.17901593,63.40071068,109.6967732,61.40517695,16.5438876,2.40702834,180.724473,0.719265784,0.071753123,0.872125846,32.00792463,0.822820843,0.23697447,0.547692908,0.528806909,0.786793652,0.077660863,0.657344757,0.386416352
114,130.2047934,22709.968,120.32274,499.69132,2732525.6,2.70E-06,829.27704,61.26013263,41.3191755,206.863951,26.49475266,32.37577408,97.95207441,55.61637366,62.24952044,54.1166346,106.5886241,16.06899429,22.22622214,190.863951,0.51320364,0.340664134,0.555286396,7.684528143,0.49730541,0.406970465,0.739806451,0.862383243,0.232513197,0.263077082,0.318128162,0.582039791
115,137.9836796,19246.812,119.20424,499.6776,2294301.7,3.04E-06,831.05295,25.86305503,24.74944986,200.605687,47.83825166,17.92665469,151.2332792,29.77706067,22.04306482,7.308225073,130.0093087,5.660265777,6.023309394,184.605687,0.819223295,0.225016811,0.25838585,86.25756952,0.259837319,0.693389998,0.203435343,0.517889272,0.032150007,0.718558787,0.321473334,0.415728859
116,397.5818978,24415.281,247.11523,499.67155,6033387.7,49.563772,581.81983,83.38213178,50.1129968,175.4736446,95.34771958,85.86038437,66.36198845,12.24330995,21.66380635,1.600642348,53.0291568,7.708985494,9.04354579,159.4736446,0.416131384,0.104493087,0.461796741,230.8176342,0.431912946,0.479638133,0.188554469,0.674794312,0.02154102,0.516224399,0.166618237,0.260810897
117,94.56647708,12345.421,63.702816,499.62472,786438.07,6.53E-06,865.67474,9.726620604,5.934901643,184.2430157,18.30594474,42.70428322,148.2798929,28.39145162,11.99606073,129.742362,178.6636988,1.145353097,0.698443619,168.2430157,0.881343527,0.512770587,0.702706751,75.11323587,0.903159016,0.387155053,0.617712408,0.199594005,0.690030467,0.594669859,0.192662302,0.150567016
118,107.3139711,16783.884,96.16395,499.64477,1614004.5,1.00E-06,850.54236,14.61979855,3.499773242,198.6079179,24.84358288,28.9086177,131.1888719,14.39018891,10.9133631,167.5935682,398.1598357,7.468383547,0.455631419,182.6079179,0.718418311,0.715673477,0.931936247,78.07437403,0.538767085,0.463007428,0.196500175,0.319927023,0.441778504,0.739977648,0.588561574,0.141026522
119,63.61737324,13396.597,65.043751,499.66777,871364.93,7.90E-07,828.98564,12.77392205,27.2481664,209.0337151,14.64434038,10.91314124,145.6676918,23.45062974,2.159369449,426.8007616,361.9323559,3.793762737,7.786777372,193.0337151,0.754623055,0.730314661,0.424731812,9.121040442,0.343086823,0.460388087,0.293350605,0.077431503,0.451212409,0.80855412,0.307961443,0.32494924
120,119.2163918,15599.834,83.293146,499.63538,1299359.3,1.68E-06,851.86155,18.85927254,26.49713759,185.3040563,30.6839222,44.33774946,136.2410862,37.96887974,48.30268486,114.1494199,94.54520218,6.436963927,6.345058393,169.3040563,0.804712475,0.42959533,0.198585683,66.22211658,0.743819685,0.514760122,0.717132831,0.807918086,0.611384534,0.561170471,0.529947512,0.39897189
121,219.8956656,13930.251,131.09447,499.65876,1826178.8,4.05E-07,797.93361,12.17310777,1.722953552,199.3831149,60.96918779,71.16099489,170.2518459,63.62358421,13.8706161,24.70602526,144.2103275,4.026681947,0.125150979,183.3831149,0.92839434,0.072967906,0.868790019,195.5494501,0.64722508,0.554528327,0.436147683,0.274542083,0.143173811,0.703247082,0.652810174,0.123438306
122,278.5797133,11779.743,113.39904,499.61055,1335811.5,1.11E-07,732.11683,29.52832286,32.32220146,140.7192759,122.5174129,46.50812276,80.68582165,6.938466525,55.78006279,73.89453157,22.67713001,10.72218016,7.233921633,124.7192759,0.646939465,0.329411618,0.265962619,213.9353104,0.333894541,0.879586036,0.263546747,0.928538034,0.673706358,0.255470217,0.566727644,0.409490734
123,250.8382559,14709.722,172.85574,499.60958,2542659.9,4.0851484,775.57349,26.03981457,44.68819079,130.8186362,88.19419059,108.6049608,55.41941857,14.45045969,15.38842636,37.86812558,42.38441013,9.303334384,7.215895022,114.8186362,0.482669194,0.561613509,0.247663646,161.4618743,0.865936182,0.703195693,0.526681262,0.788371679,0.504924049,0.647790366,0.559242712,0.278689003
124,211.7678296,22605.182,164.53254,499.64259,3719287.8,2.13E-06,803.81129,19.06751085,38.67792847,200.2009371,53.55324304,44.33935056,129.3494866,11.37254295,90.75302361,178.6214887,7.142221626,3.964539152,11.06709275,184.2009371,0.702219482,0.652379095,0.294860425,134.4119727,0.418754356,0.505773168,0.258644001,0.731609801,0.660069239,0.041003816,0.262919532,0.449331614
125,80.17600596,10706.821,45.225804,499.68127,484224.58,6.10E-06,888.91429,17.03646694,39.06804879,166.9527598,36.73689921,23.05395026,106.5672819,37.48702642,33.40691062,120.4842529,29.63707536,7.660061009,14.90907823,150.9527598,0.705964449,0.616170249,0.119801101,2.039908374,0.57508353,0.916406318,0.599212074,0.412883982,0.412948033,0.240750715,0.52474307,0.67020535
126,418.0073555,18790.794,298.94751,499.66708,5617461.3,196.38062,598.7512,66.50918901,98.78922226,133.7236434,134.0781966,114.4583091,4.58736052,1.54677869,3.023533794,0.212703832,0.561292549,23.80312681,14.58986526,117.7236434,0.038967198,0.4121321,0.126812197,220.428911,0.547637775,0.641511183,0.348033848,0.740531328,0.031178375,0.109962063,0.528887743,0.267583873
127,405.8827591,19106.333,177.49934,499.63407,3391361.4,2.06E-06,761.91457,82.37179235,59.63816676,133.5760926,139.2929197,37.03116852,20.16939399,0.632697626,1.594936006,28.26341079,23.85186775,16.18679748,13.31634364,117.5760926,0.171543326,0.154351872,0.387740601,241.1391744,0.182472242,0.686370222,0.554780533,0.829143874,0.943456571,0.904628082,0.290608026,0.357656814
128,119.7966435,22323.55,123.75768,499.65811,2762710.8,1.52E-06,815.1558,30.38024429,35.07342826,214.0670217,16.89658742,23.04364904,151.870207,44.35231087,21.12850087,188.9946977,231.4050642,5.712081369,10.85093392,198.0670217,0.766761704,0.342373613,0.24078254,49.64978699,0.384712766,0.282087827,0.847049366,0.777887364,0.655225652,0.821153938,0.246722963,0.409918921
129,231.1291972,16326.628,153.49447,499.65737,2506047.1,9.93E-07,755.46858,16.99228485,15.78949909,202.3444622,22.55906761,86.5946787,157.4207321,57.5104463,28.87986376,39.52345902,171.4798336,1.668550733,3.415233314,186.3444622,0.844783527,0.412514058,0.454098796,197.1446275,0.749318388,0.195207424,0.467680174,0.490881959,0.218847457,0.626271566,0.173421986,0.294893329
130,384.8137655,27370.835,245.96341,499.63911,6732223.7,120.49698,649.76117,62.05629641,72.82853041,175.5607841,63.03657978,116.6042687,32.0538543,0.282770877,12.27350218,50.91986356,8.068547852,17.1266608,30.07875437,159.5607841,0.200888047,0.513310402,0.428826884,239.1567047,0.606029613,0.327621231,0.126097646,0.432598414,0.93004038,0.114877618,0.379474762,0.513942316
131,380.0662037,34146.593,225.72686,499.65525,7707803.4,78.675814,636.75963,83.96068894,13.98111006,205.1159412,70.69968641,55.48817151,67.30212746,34.29373195,24.0675725,27.69455343,32.58877704,7.721896826,1.35644313,189.1159412,0.355877601,0.310745749,0.885225578,212.1448258,0.291992137,0.372038796,0.651106749,0.418047831,0.217410964,0.1445837,0.120856587,0.108491737
132,103.3885609,14161.149,79.965496,499.66281,1132403.3,1.03E-06,813.34156,5.811592534,3.471612699,202.1078901,11.35054971,42.72672403,144.8147946,41.32418381,23.04991438,100.0167241,609.6116112,1.100802151,0.373858101,186.1078901,0.778122811,0.859259945,0.915927526,91.76537587,0.826527106,0.219570707,0.422258109,0.416726853,0.324207522,0.618051422,0.237991214,0.111339749
133,245.7130874,10188.052,118.30464,499.69343,1205293.9,1.53E-06,799.64301,10.43932193,8.86714601,179.6791995,87.60102852,88.97791879,150.6424294,29.339503,55.56547447,123.1297642,9.741288561,2.094138417,0.214857468,163.6791995,0.920351699,0.199240164,0.319835672,224.8344435,0.724242406,0.713035105,0.944770863,0.393095081,0.793852083,0.061660266,0.389905318,0.046285797
134,89.16736941,12252.595,65.43685,499.62062,801771.2,1.31E-06,829.64065,2.915688729,12.49397099,198.1541941,30.96403471,19.27986857,166.1291129,7.24447112,13.87908488,287.7011434,66.79627899,0.967571559,4.852626248,182.1541941,0.912024638,0.818054667,0.220348973,64.17942743,0.432442242,0.694514931,0.523305582,0.1302989,0.916669196,0.358828313,0.436409169,0.699537614
135,216.8098035,17981.664,157.40054,499.6261,2830323.7,2.41E-06,797.53591,1.626908898,3.990958464,206.3054887,87.6407047,16.54769128,182.9596153,24.66191357,32.39336496,192.8194363,97.56050972,0.11628036,0.084804693,190.3054887,0.961399572,0.778527504,0.45670742,208.8278866,0.152647076,0.808457028,0.540963978,0.363715799,0.750825735,0.51321335,0.109314753,0.040946526
136,98.52364472,17925.119,90.639952,499.60887,1624731.9,3.42E-06,822.19567,31.41879568,40.76397066,206.2166188,25.18835195,20.64935005,143.2320858,63.22078688,4.958745502,103.791904,170.4153552,8.124495678,4.1847609,190.2166188,0.752994595,0.331294924,0.132395959,16.99570341,0.419175521,0.511315878,0.690982652,0.506878639,0.361218343,0.931698929,0.33208424,0.167126916
137,199.0636536,16702.696,138.89267,499.64547,2319882,2.91E-06,802.22983,14.67433719,24.37617883,187.0737145,81.13351965,27.83827452,130.0175224,14.04086811,26.11010404,174.3220975,46.57445141,4.676255879,4.405470981,171.0737145,0.760008765,0.642579196,0.406272779,150.311296,0.279692189,0.815151517,0.255042039,0.283669477,0.57657129,0.292063821,0.389028669,0.302953515
138,394.7208475,24769.253,192.11474,499.62709,4758538.7,98.384345,633.82444,34.51351888,84.75913062,187.4668356,64.14794525,99.25408547,79.91708458,67.15732221,11.22089931,10.05033329,72.85115644,16.98675215,21.49820466,171.4668356,0.466078961,0.623008053,0.0741741,225.2025863,0.502907744,0.325029426,0.906295362,0.780811945,0.072777458,0.820178513,0.673057987,0.459999802
139,258.3165178,8255.8884,96.307923,499.61756,795107.46,0.4589586,834.44749,6.228464082,19.16623302,149.3532538,101.0896938,109.3887527,111.3637555,12.34281566,47.73127682,60.12485853,58.33162329,1.902886553,0.267101713,133.3532538,0.835103399,0.716752788,0.128391527,219.9840518,0.846935795,0.782680834,0.208208742,0.873583352,0.467681678,0.50936917,0.536835353,0.027120128
140,117.0683081,16816.275,94.810916,499.64973,1594366.5,1.80E-06,849.86298,18.80143179,25.50497689,193.2969476,31.04720127,32.61860501,138.0621462,26.5709999,15.42995621,89.84655038,131.8553157,4.370564211,5.042735491,177.2969476,0.778705714,0.520797069,0.349939951,66.0583543,0.557257648,0.530411719,0.300830917,0.295599685,0.360249242,0.621917909,0.311579193,0.286988411
141,117.7686326,22415.071,118.62141,499.65967,2658907.3,1.74E-06,796.00153,43.39531051,30.82476692,217.4017751,13.63677462,26.89709962,134.8600548,19.37645208,86.34721896,187.2035982,53.2688268,8.086736159,2.242471304,201.4017751,0.669607081,0.347848083,0.536760295,30.97801157,0.456778669,0.231585853,0.395590292,0.690574341,0.63680045,0.072840217,0.232297833,0.07645582
142,275.2329785,8599.1649,99.320281,499.67401,854071.47,7.07E-07,656.07122,15.94415124,22.74149042,180.9283588,24.74816873,120.9933003,137.5111058,29.13003382,108.6979072,19.3176908,16.59551645,2.276720001,6.761952691,164.9283588,0.833762652,0.418462847,0.170540884,229.7499977,0.879206416,0.179834327,0.242874661,0.878314106,0.12779011,0.100018566,0.261436834,0.504603587
143,452.6154201,24839.654,245.95326,499.668,6109393.9,169.32564,609.22158,104.9893571,28.1944081,162.9993766,90.20492049,125.5072984,17.59803052,3.791808464,1.685690649,15.45685436,26.09843068,32.89906423,10.39849233,146.9993766,0.119715001,0.188653285,0.782116578,242.6367059,0.554586931,0.398594111,0.78053487,0.220196431,0.723948561,0.564985698,0.529578443,0.435028924
144,107.3860882,17380.431,95.161925,499.65287,1653955.3,4.73E-06,817.65133,11.88311412,16.67776522,204.558854,37.30025095,12.53961413,153.2032731,56.06267434,10.72080108,167.5170276,195.6517617,5.456613854,7.224240492,188.558854,0.81249578,0.663897076,0.528284792,74.0305578,0.233542619,0.694694286,0.503879125,0.331256117,0.273761278,0.788750696,0.499222814,0.611433503
145,86.28678111,11391.443,57.006363,499.69579,649384.72,1.17E-06,791.53018,8.722540838,9.197795334,200.5244256,11.79185167,38.76935796,163.6378492,60.66177928,17.78795833,77.26346983,210.6280137,1.73437698,2.723861246,184.5244256,0.886808609,0.582385324,0.55963126,67.89119044,0.898616392,0.273317686,0.56745024,0.23451254,0.346713629,0.536471683,0.309977625,0.358128024
146,99.12919101,15912.547,84.426859,499.6388,1343446.3,4.97E-06,829.60785,16.32652234,27.55991029,200.5115319,29.83748081,19.70981497,145.322556,6.914473827,37.94417035,335.0266831,53.9236455,0.941759155,11.39473285,184.5115319,0.787606902,0.583389921,0.296743289,44.00937044,0.397659151,0.601991815,0.331716699,0.349829847,0.856563799,0.253628284,0.067605144,0.616802219
147,101.8346165,18582.733,99.748105,499.63475,1853592.4,3.24E-06,794.2382,22.79193561,10.1589156,215.080868,26.88825052,11.04126931,162.7061076,74.11264337,11.17120015,144.3013618,354.1057302,11.45211816,5.750913839,199.080868,0.817286509,0.37341345,0.720715257,56.25074524,0.216847074,0.528076826,0.664959081,0.833832062,0.314995339,0.917658763,0.582484041,0.686953457
148,108.0473447,16847.919,94.127759,499.65242,1585856.8,1.55E-05,831.17624,5.423605946,19.86133847,202.095372,15.45420032,37.21296475,125.8127446,36.1322248,24.01017622,158.6222089,490.8263295,1.264845292,10.87969314,186.095372,0.676065951,0.910030366,0.670529648,68.32466773,0.688827011,0.286063491,0.468707217,0.682429554,0.387271013,0.720351249,0.262164008,0.575757754
149,125.2999318,10177.864,56.059989,499.65584,570570.97,1.74E-06,818.15532,10.72051446,23.0423432,172.2568357,52.9211423,41.50588691,128.9916675,48.00568001,59.9358255,49.50654116,42.22007537,0.737213553,2.198831814,156.2568357,0.825510557,0.60680549,0.154879845,79.21524544,0.662504541,0.84471143,0.503041754,0.665906776,0.260178523,0.302231435,0.102097873,0.17702877
