,random1,random2,random3_r,random3_l,random4,random5_r,random5_l,random6_r,random6_l,random7_r,random7_l,random8_r,random8_l,Req,Leq,R3_left,R3_right,cocave,concave_L,nose,r0_left,r0_right,r1_left,r1_right,r2_left,r2_right,Mode1_frequency,Mode1_R_divide_Q,Mode1_shunt_impedance,Mode1_Q-factor,Mode2_frequency,Mode2_R_divide_Q
0,178.477356,0.86830496,0.535820219,0.824070927,138.1121127,0.637519319,0.785058194,0.561442378,0.729209806,0.452357102,0.11372852,0.101454205,0.110451329,194.477356,159.9328167,4.135139423,10.910352,50.98013021,62.77828413,154.9727734,100.1554713,47.6494679,23.88257252,89.52893024,0.292033125,0.679955309,499.65004,73.659751,792648.48,10760.944,766.67817,9.52E-07
1,176.1221095,0.725182908,0.812122613,0.692786672,174.1452435,0.759409357,0.390874378,0.806577046,0.159921472,0.377580256,0.19054367,0.569764469,0.350447592,192.1221095,203.8843329,14.86954474,9.093522192,77.41583509,39.84658088,127.7207435,16.53337968,64.11957817,52.28645775,78.57129198,4.159648809,3.682216454,499.65772,133.19012,2255033.5,16930.936,811.11892,2.31E-06
2,169.1198053,0.493731978,0.846615984,0.466046781,125.591059,0.529624903,0.559692625,0.575227368,0.797026704,0.351438382,0.217741259,0.465030205,0.317304513,185.1198053,217.0251541,45.71704757,13.13273167,57.47096311,60.7336891,83.49985607,52.06058256,31.15132407,33.69983958,84.24648666,10.94321376,5.291954607,499.6729,173.64513,3992142.5,22990.235,869.62918,2.87E-06
3,154.2151155,0.429740096,0.733943983,0.493604671,143.0103553,0.468817268,0.725554095,0.397757407,0.711294363,0.168737314,0.296045692,0.543567309,0.025370465,170.2151155,232.0778972,44.53377092,23.39768368,54.40106288,84.19253437,66.27241859,33.18384135,21.91237149,32.18967167,30.61964073,0.805790287,10.89791017,499.60634,187.95694,4124404.8,21943.349,867.68444,7.2297959
4,195.9273808,0.493264444,0.451225539,0.473216032,44.30696546,0.432188526,0.277501667,0.268084993,0.480203455,0.514551637,0.625883937,0.100826725,0.130564533,211.9273808,153.2753215,52.30088768,54.484178,33.12191761,21.26707864,96.64401066,17.36227297,12.5773889,280.308367,150.9074558,6.398399715,4.818518298,499.69165,167.89424,4639062.1,27630.859,852.86822,1.36E-06
5,188.0853235,0.745278524,0.784760829,0.788468251,99.70762888,0.533251656,0.384738076,0.940769298,0.630512861,0.578922673,0.947825174,0.27565025,0.240650219,204.0853235,120.3315755,10.13435306,10.31197333,32.08350596,23.14806944,140.1759523,4.611354118,55.52882809,471.1026958,220.1139635,2.202790669,2.430000871,499.66476,111.44476,2137027.2,19175.663,829.61268,2.85E-06
6,156.8356376,0.253385129,0.429747255,0.268171384,59.58349599,0.800143373,0.433016497,0.730046431,0.271883203,0.491759295,0.31581375,0.239345312,0.372685423,172.8356376,230.9716387,85.69407138,66.77421234,92.4052131,50.00726501,39.7398183,7.392351276,14.74503486,22.700554,32.89463729,23.84046109,11.54249413,499.61069,239.42101,6232467.3,26031.414,882.22978,21.256699
7,154.6434609,0.285367342,0.358407174,0.200218956,124.1020748,0.458040799,0.64740868,0.317549293,0.468836228,0.330914509,0.226747862,0.321010591,0.565509449,170.6434609,300.8749078,88.38641649,70.90451968,68.90649156,97.39451339,44.13019337,15.9984579,9.376237344,12.53475435,25.23827342,30.28363134,16.64530381,499.64146,282.12362,7430491.3,26337.714,703.00056,28.133665
8,164.1286743,0.118211394,0.523278608,0.822490032,14.16283718,0.606852066,0.816052703,0.379058122,0.594983824,0.926533616,0.416882336,0.615788322,0.560443862,180.1286743,152.1515553,25.69044869,68.99435907,46.16674282,62.08184397,19.40187942,6.731396263,0.540304112,32.99964139,64.02499288,13.28216884,38.40233615,499.6136,170.71225,4037828.1,23652.833,1025.2346,7.63E-07
9,180.738878,0.051967279,0.887698625,0.814046757,137.0820514,0.652471529,0.416311486,0.534904696,0.886002544,0.144374202,0.053863871,0.346835569,0.235149354,196.738878,200.8068779,31.86241321,19.24243295,65.51038527,41.79910485,9.392507724,7.873542145,4.29874657,3.450671723,6.576571167,7.24742429,6.283906805,499.63304,226.50059,6555412.2,28942.141,904.18782,8.28E-08
10,150.2660296,0.393743201,0.714735491,0.33555933,138.8778969,0.693429345,0.558886351,0.416109636,0.707829855,0.317436964,0.439935933,0.112678856,0.402434146,166.2660296,259.9387241,60.53041362,25.98754032,90.1245696,72.63810246,59.16622744,23.45527152,16.80445442,39.19479562,36.7394863,16.60045982,2.258075886,499.60058,217.00927,4814497.5,22185.677,786.07666,4.4597662
11,120.8539686,0.311030753,0.165282545,0.284326524,237.7877727,0.678760612,0.569106526,0.636651859,0.483908675,0.911409968,0.58713443,0.593616547,0.651600458,136.8539686,376.7927157,59.59031413,69.50247153,127.8760271,107.2175968,37.58930092,7.509937508,2.120074475,27.47478278,38.14412367,23.41933756,22.78323944,499.60288,259.43817,4999470.3,19270.373,585.60296,63.82433
12,173.9219476,0.420428787,0.440901782,0.202743535,82.19184157,0.464880083,0.578386645,0.684323081,0.583139466,0.886236089,0.632164836,0.444657316,0.457031744,189.9219476,242.9189907,80.36357458,56.35718657,56.46410033,70.25055005,73.12179345,15.68456628,5.69262447,61.58860333,133.4756303,23.2253209,19.70605037,499.61642,242.65989,7084303.6,29194.374,844.4089,5.1893799
13,151.927795,0.175570848,0.824404883,0.114263664,152.4052043,0.719378674,0.398683809,0.428723157,0.698331873,0.619139458,0.827703654,0.091030089,0.631337289,167.927795,374.2887166,110.9417562,21.99393872,134.6276604,74.61142569,26.67409184,3.209427528,4.355445314,26.71580039,33.48045383,41.36148705,1.565178556,499.64511,241.89791,5429401.6,22445.013,686.31326,134.81763
14,158.045254,0.474338746,0.631181636,0.151689017,132.989894,0.826660664,0.216526314,0.427251997,0.319441074,0.665456723,0.490495942,0.147806793,0.302062824,174.045254,273.9423056,70.47620578,30.64079031,113.2286641,29.65785879,74.96698765,12.20136628,10.71535264,55.57742421,78.0806972,14.53796254,3.152336941,499.64954,192.59707,3932997.8,20420.86,761.05695,1.49E-05
15,167.9466609,0.388158357,0.761666393,0.735562827,188.6785144,0.672357049,0.382116719,0.452683774,0.643994882,0.340780307,0.520677338,0.11488587,0.616213179,183.9466609,243.0239292,27.17270737,24.49038943,81.69942591,46.43175326,65.18989993,20.12290576,19.45384336,120.1010224,52.04629259,15.11824715,2.310015805,499.64737,208.01836,5165976.8,24834.235,847.54546,9.6179865
16,171.9592707,0.345833979,0.940749137,0.840923961,243.7035935,0.666527282,0.345679782,0.477030088,0.166915388,0.365800025,0.635859009,0.118917956,0.648873695,187.9592707,279.4924926,17.89444957,6.665124385,93.14468578,48.30745201,59.46935888,3.614591324,17.991412,157.1915488,57.64068076,10.73802063,0.673594456,499.64677,229.4436,5734366.5,24992.488,781.94235,15.201125
17,192.1180811,0.317005558,0.843122991,0.808570564,23.02457651,0.381320899,0.405090307,0.299906491,0.405652252,0.684887299,0.310717189,0.519458938,0.527910882,208.1180811,73.26162595,25.11852472,20.58470798,13.96809454,14.83878727,60.9024995,17.02889458,5.755550799,271.9216032,663.3518452,13.14807294,10.61806287,499.6418,84.994904,1403533.5,16513.149,857.95317,3.06E-06
18,168.1276663,0.467274434,0.482558232,0.88865503,163.5326107,0.619450674,0.452598685,0.762762024,0.899183444,0.59212359,0.761540577,0.158882573,0.546963805,184.1276663,256.2228924,9.972713098,46.34514085,79.35872166,57.98307209,78.56176014,16.84511557,24.44155628,183.7328244,78.30495289,4.796455838,5.3180891,499.65935,214.69268,5306415.3,24716.33,821.63427,7.5827827
19,151.4664796,0.783863096,0.197264018,0.292029082,134.3568348,0.763113033,0.629022005,0.308522466,0.102661631,0.532124139,0.317813878,0.660804467,0.138324745,167.4664796,186.9159667,23.17719502,26.27956593,71.31900513,58.78712806,118.7289837,8.315106047,17.13855422,44.36591122,69.15785223,1.851515279,9.449725854,499.6,113.52731,1628515.6,14344.703,892.659,3.79E-06
20,170.9079391,0.72099622,0.363748724,0.354468345,138.9956944,0.798324703,0.290320386,0.756063081,0.679528777,0.687579713,0.382766411,0.121384864,0.362746806,186.9079391,200.558707,30.78150633,30.33898112,80.0554851,29.11314058,123.223978,51.68358488,29.10666739,81.92244042,105.0491002,8.184585118,2.214604667,499.61162,155.80019,3282838.9,21070.828,839.63792,1.20E-06
21,170.1986549,0.472084683,0.366325466,0.55634002,184.0785748,0.410449757,0.560110268,0.444573998,0.594426798,0.645299551,0.46820719,0.337236223,0.30196374,186.1986549,297.950493,39.86306085,56.93595907,61.14685378,83.44256524,80.34817799,25.399015,12.67015213,66.39003399,86.79250039,8.887735547,13.83003809,499.67405,238.83528,6362813.7,26641.013,723.51174,18.272799
22,168.7075044,0.536303323,0.780906599,0.71698684,227.0725099,0.723564144,0.280367298,0.592825743,0.7085482,0.293691066,0.299245183,0.130100695,0.479621392,184.7075044,271.3522447,22.13986739,17.13948154,98.17037727,38.03914789,90.47839532,44.92420295,37.88494346,88.16070347,47.83326827,9.44636465,1.66105394,499.67819,183.81991,3808848.1,20720.541,771.71746,1.23E-08
23,165.9219036,0.347866876,0.423916112,0.531765481,182.8397421,0.582929574,0.429775842,0.674959375,0.686156253,0.591696602,0.55776169,0.512162574,0.571260086,181.9219036,307.507947,50.66445895,62.33410244,89.62773824,66.07974343,57.71873431,17.51443716,15.90660248,70.71959151,55.84263703,23.27812082,22.72997198,499.65412,264.49022,7501941.8,28363.777,700.74382,21.296533
24,168.851473,0.452266442,0.750791246,0.699541119,182.2707486,0.679199955,0.377419047,0.461764079,0.577920964,0.444182496,0.567768978,0.105724592,0.523135962,184.851473,237.8469992,27.78812529,23.04822568,80.7728356,44.88399383,76.36585492,19.07583689,19.59979748,138.5634905,73.89152729,12.88547447,1.95433748,499.66088,198.66586,4743666.2,23877.611,847.69658,8.72E-07
25,170.7049476,0.293483631,0.543331048,0.762901984,60.660864,0.742931437,0.366424275,0.827591655,0.766556309,0.460993631,0.350071349,0.172793154,0.159519528,186.7049476,170.8147488,28.59540536,55.07694241,63.4518234,31.29533526,50.09910777,24.95972156,22.34806837,106.0284114,57.05206398,4.377740371,7.936409712,499.63413,174.96751,4446068.9,25410.825,933.53716,2.66E-06
26,154.5067766,0.612662577,0.342289078,0.379247039,192.6084583,0.573478523,0.62125442,0.504693377,0.798940393,0.260083497,0.540088007,0.302323365,0.438513,170.5067766,271.3315317,37.14974108,39.36153666,77.80140296,84.28295665,94.66051988,34.78227613,35.34916869,66.71371227,31.94093756,10.15784108,7.390608793,499.68347,187.72858,3626092.2,19315.611,758.9138,1.1902959
27,169.1596904,0.357033117,0.646498183,0.365675206,183.9753954,0.434543667,0.53147708,0.485092973,0.316487806,0.401511542,0.614649394,0.437158038,0.572419578,185.1596904,321.9588991,68.99175184,38.44829942,69.95260039,85.55688782,60.39561159,7.365774359,17.53420766,58.19386028,58.75859394,27.5117048,13.93911107,499.6815,269.04313,7860659.5,29217.098,679.50969,21.303488
28,160.682612,0.504285025,0.635560289,0.320596263,121.0154276,0.741857598,0.418414427,0.539101464,0.37468682,0.518491492,0.342202276,0.257854137,0.329534932,176.682612,229.2482162,54.11639429,29.02863502,85.0347655,47.96038053,81.0298351,19.97127252,21.03388194,46.1782071,73.90688835,12.81273973,5.518690156,499.64673,185.03029,4040043.1,21834.496,862.06574,1.53E-06
29,164.983459,0.557233049,0.543044506,0.330604774,120.9585873,0.761239604,0.354424573,0.600808223,0.409265233,0.59082016,0.369278733,0.350429169,0.368131077,180.983459,218.7561897,48.89880118,33.38024383,83.26293759,38.76628454,91.93423593,23.73119452,22.600985,61.1479027,86.04423525,13.41280491,8.19398456,499.6585,177.48868,3917302.4,22070.717,854.27428,4.46E-07
30,162.2881021,0.368615282,0.712473453,0.462036183,170.3015269,0.686463991,0.413411503,0.788163195,0.412776256,0.569232684,0.617763376,0.268811313,0.519230769,178.2881021,280.5477726,55.12312288,29.46176057,96.29297178,57.99083822,59.82187449,9.438587835,20.31042038,77.87747237,68.54972649,22.69300474,6.174950398,499.62834,235.22364,5862656.9,24923.757,759.20896,20.003164
31,178.5887079,0.453085242,0.282737974,0.572708094,135.1179829,0.417692396,0.46473017,0.69152827,0.296601551,0.376940324,0.422095997,0.406747765,0.542674795,194.5887079,275.2319638,41.73479692,70.05699046,57.48114922,63.95429865,80.91590786,13.86957109,34.86370156,75.24862677,48.49128055,18.23372933,19.99870838,499.65776,235.66447,6971798.5,29583.579,766.85427,11.276401
32,161.1770063,0.451997525,0.535047882,0.59033003,172.7443549,0.667337216,0.45359953,0.686263586,0.513430701,0.515261671,0.515536434,0.258491022,0.509106736,177.1770063,254.878517,36.1842633,41.06708104,85.04495996,57.80638778,72.85160787,18.12099736,24.23468942,84.4557033,63.80305435,14.93072491,7.702505232,499.68235,211.50289,5048139.3,23867.945,808.45506,8.4282872
33,157.0241339,0.502069419,0.605799461,0.373707393,165.0752678,0.755446847,0.401994769,0.449978555,0.50803884,0.587986038,0.510377679,0.220472704,0.60098765,173.0241339,263.011296,48.9680141,30.82140416,99.34552716,52.86458254,78.83701569,19.61048343,14.61618143,68.21314521,73.45520091,21.32713448,4.760844503,499.69158,201.36917,4285785.2,21283.224,800.00078,20.927013
34,168.7993014,0.550009293,0.52790107,0.820693588,152.1830052,0.607248787,0.51524757,0.764825486,0.796647033,0.554045867,0.704203371,0.217068789,0.524213118,184.7993014,223.9024967,13.6197774,35.85974578,67.98225981,57.68260872,92.84118444,21.87760799,31.66600072,166.9196854,90.05964692,6.008590334,5.726686011,499.65726,183.0779,4174533,22801.949,878.19287,1.40E-05
35,164.3556476,0.360691477,0.556341262,0.472112991,173.6704432,0.631231744,0.427375665,0.771029768,0.60969724,0.573628319,0.610781667,0.301163541,0.554375632,180.3556476,284.6048068,55.46718178,46.61698327,89.82579429,60.81658422,59.28168135,14.06785974,19.48857166,76.26003567,62.70281415,24.37548235,10.56757521,499.63758,247.44266,6654359.8,26892.533,743.35736,17.787679
36,162.8209176,0.145076912,0.642484869,0.779781339,52.62368087,0.744544486,0.619200115,0.619924657,0.510590419,0.706500147,0.222822231,0.286560872,0.465067738,178.8209176,152.1554371,30.65429711,49.7658781,56.64324585,47.10733203,23.62155587,9.373494521,4.297890027,25.34885474,57.53939191,13.41341552,12.81922234,499.65628,167.82356,4012342.9,23908.102,1025.7517,6.10E-06
37,158.918132,0.428047626,0.749306848,0.315005182,130.1205319,0.741833311,0.423375517,0.556687014,0.470908828,0.480944003,0.365477277,0.267794992,0.425222774,174.918132,254.6438258,62.26164696,22.78640378,94.45163626,53.90498067,68.02452909,20.32588925,19.65580557,41.35613605,63.92525448,19.0110523,4.703453246,499.64407,205.80164,4618611.8,22442.055,819.03983,14.533802
38,159.0434829,0.527709005,0.57229276,0.500560279,167.5086357,0.707452593,0.463231774,0.463453973,0.64010979,0.475821238,0.48819463,0.396843893,0.505494974,175.0434829,242.5392701,37.51531719,32.12714585,85.79251782,56.17594817,83.92867806,27.49601085,20.38902285,76.72862071,64.67785253,14.36766242,9.03359797,499.69684,187.97715,4037001.9,21476.025,845.6863,7.9874147
39,164.765841,0.471113432,0.700315132,0.68210163,179.1522976,0.620065203,0.503366177,0.426968036,0.723462973,0.330275336,0.471305623,0.160008515,0.560071846,180.765841,234.5571769,27.70243964,26.11527068,72.72037176,59.03407473,77.62340085,29.69023716,22.19649097,88.75216464,54.98328969,12.87156541,3.333551261,499.66078,189.86062,4366189.4,22996.814,872.56362,2.4963208
40,159.2485587,0.309773112,0.446320943,0.473221906,153.5811715,0.625456486,0.499269775,0.54143474,0.503226641,0.409724329,0.313400409,0.304115485,0.540565597,175.2485587,275.2993588,57.90220335,60.85909366,86.09388483,68.72432446,49.33092165,17.04458354,15.76595311,31.0908078,34.78060186,24.39514957,13.5077761,499.63882,258.7071,6985830.2,27002.855,748.15625,9.3172544
41,168.3012971,0.435246833,0.728055228,0.680404799,196.1843579,0.681807319,0.338178232,0.681059303,0.685128448,0.355687093,0.56505838,0.255142527,0.597755867,184.3012971,256.9385688,30.37710541,25.84799446,87.59129838,43.4455155,73.2526065,21.82860847,32.14436447,135.8420034,53.78972362,16.17730065,5.190397352,499.67252,206.32985,5006799.1,24265.995,812.98508,8.18E-06
42,163.5828385,0.420384783,0.55121922,0.545428182,172.9903387,0.64791023,0.443101031,0.721319637,0.542359401,0.530632608,0.547690426,0.291152959,0.522457553,179.5828385,259.1908858,43.10027353,42.55119564,83.96621322,57.42387436,68.767736,16.86971244,23.28227407,84.60455153,65.694856,18.24464623,9.229221489,499.63838,222.40927,5615304.9,25247.621,796.96817,9.3502107
43,166.1044498,0.389881092,0.426734487,0.424498742,178.4210843,0.543052385,0.469259256,0.661200069,0.474817518,0.519541729,0.27157301,0.269572208,0.498097332,182.1044498,295.0676681,58.32329192,58.09671371,80.11860048,69.23161714,64.7609843,22.39887484,20.57320744,31.63497005,56.39638622,21.63309279,11.28774948,499.64862,252.97049,6993920.5,27647.179,714.42205,11.298607
44,164.4111241,0.518565703,0.738623086,0.466494442,127.0768618,0.622397905,0.571170591,0.6221306,0.575967501,0.706682715,0.645526528,0.453791568,0.460052568,180.4111241,211.5341569,42.22864751,20.68880709,65.82920798,60.41104466,85.25797019,17.40671053,15.55801579,98.14202988,134.0911579,14.41150502,7.583686672,499.63289,181.34672,4120001.5,22718.919,914.47506,3.34E-06
45,165.8682425,0.429270758,0.649641566,0.526022627,164.932235,0.66131639,0.426666002,0.78555521,0.660320056,0.57969222,0.661426145,0.221760377,0.534315524,181.8682425,254.6711828,44.86947386,33.16698117,84.20911363,54.32976762,71.20238621,15.91851148,23.50924546,107.0497003,81.25482331,19.49863546,5.685889127,499.65639,218.7984,5490344.1,25093.164,813.68385,10.443352
46,160.6499966,0.479962805,0.68738966,0.319798844,121.4379273,0.741853961,0.419223648,0.539843316,0.413544778,0.513959211,0.35664696,0.258387171,0.351920233,176.6499966,235.0913421,56.82670742,26.11671004,87.20172165,49.27792507,77.10602295,20.51446528,20.23153099,46.19101869,73.54919325,14.42846238,5.093500523,499.65136,189.83628,4194452.5,22095.104,857.42444,1.83E-07
47,168.5081727,0.284951167,0.739765268,0.612812203,167.4731378,0.654972012,0.385926492,0.616707903,0.553765501,0.24166081,0.536545821,0.269737838,0.379504474,184.5081727,260.7788706,46.65286638,31.35609203,85.40143073,50.32073731,48.0166004,12.32321733,22.45610463,83.55161674,28.8838312,15.73815267,7.068465208,499.61488,238.57788,6575393.2,27560.783,796.82441,14.630673
48,159.623005,0.434840456,0.722851771,0.318517849,122.9170264,0.741839223,0.422658749,0.545111599,0.44638108,0.50850024,0.358354776,0.264243218,0.413450353,175.623005,245.8733954,61.47818447,25.00222483,91.19926428,51.96027079,69.41054037,19.88044815,18.59662607,42.1788366,68.62696674,18.42261636,5.082515043,499.63503,202.50556,4583347.9,22633.196,840.21983,13.196872
49,151.4426141,0.783863096,0.197264018,0.292029082,134.3568348,0.763113033,0.629022005,0.308522466,0.102661631,0.532124139,0.317813878,0.660804467,0.138324745,167.4426141,186.9076853,23.17354316,26.27542525,71.31584532,58.78452348,118.7102764,8.313795897,17.13585383,44.35811435,69.14624926,1.851196939,9.448152435,499.66715,113.22396,1624031,14343.528,892.76806,1.16E-05
50,168.6751365,0.472983817,0.632453426,0.439276515,128.7569572,0.693808275,0.363671824,0.581972922,0.531761685,0.510153033,0.504671125,0.232183229,0.517788946,184.6751365,228.4474545,49.84524869,32.67287867,79.24936717,41.53995125,79.78060996,21.01396675,22.74367046,93.10864159,78.77600101,21.10505835,5.825415355,499.66134,195.82535,4778640.3,24402.562,852.24196,3.03E-06
51,169.1083237,0.388781331,0.646251791,0.625094897,191.9020646,0.564475223,0.464927142,0.49138514,0.540063451,0.632623698,0.387231087,0.217236354,0.479505912,185.1083237,269.4040703,38.75100287,36.56418054,76.03596129,62.62663223,65.74615924,21.75764563,11.86871069,62.84501572,91.9023022,15.49226582,6.400939891,499.64997,235.2855,6365900.9,27056.07,773.79144,6.0398529
52,161.1887695,0.548285914,0.472826037,0.380114081,143.2730103,0.699313418,0.449550342,0.716009654,0.497350172,0.526585535,0.412356806,0.339327068,0.381023404,177.1887695,233.5423322,45.13466097,38.38418869,81.6596433,52.49451771,88.37753185,25.82961019,29.9572725,60.41172435,70.1253125,12.32791568,8.879537884,499.62416,185.40688,4086821.6,22042.449,861.95877,1.06E-06
53,170.7079655,0.15941526,0.696406872,0.715761195,166.0042492,0.650478534,0.437544739,0.638294035,0.74419653,0.270648769,0.258331775,0.296853696,0.457202052,186.7079655,253.132144,40.78670821,43.56394736,82.328513,55.37831889,27.21345473,15.02038252,12.66896642,27.85135531,20.52323375,17.13284339,11.12815357,499.65469,261.09019,7822279,29960.065,806.45617,9.4652496
54,155.9999213,0.309181153,0.593987484,0.311077717,147.359566,0.639051276,0.508998548,0.555888734,0.445190513,0.452831416,0.384157294,0.497223228,0.452937178,171.9999213,295.8466862,74.24356009,43.75502921,94.53060122,75.29276689,48.23223557,13.22370325,14.67055078,28.53235911,41.16753316,23.20221139,16.52775251,499.66427,266.70702,6920468.3,25947.83,709.31606,13.83462
55,185.269717,0.446601882,0.540556288,0.511526988,62.26899995,0.5448273,0.353776911,0.522939349,0.533499614,0.564304665,0.657772737,0.158405758,0.251689704,201.269717,162.4332366,50.08211834,47.10580477,44.24903091,28.73256433,82.74180431,15.1068425,18.85207758,212.6175872,133.3157738,11.55798206,6.457741932,499.63231,169.14251,4470027.5,26427.582,878.76032,1.86E-06
56,151.4538884,0.783863096,0.197264018,0.292029082,134.3568348,0.763113033,0.629022005,0.308522466,0.102661631,0.532124139,0.317813878,0.660804467,0.138324745,167.4538884,186.9115975,23.17526834,26.27738135,71.31733805,58.78575391,118.7191139,8.314414825,17.13712952,44.36179765,69.1517306,1.851347325,9.448895732,499.63384,113.53066,1628499,14344.133,892.7158,4.99E-06
57,156.1304951,0.172259849,0.621195749,0.584889287,91.3424496,0.725349416,0.639294158,0.327128772,0.519245975,0.54355284,0.237558554,0.30352078,0.404445473,172.1304951,198.6365138,53.64703208,48.9549491,72.04043965,63.49358145,26.89501554,10.64759282,4.015883,17.53975959,38.17951213,18.60362113,12.58059597,499.62287,218.06007,5655354,25934.844,984.2849,0.79343413
58,164.4016991,0.42538916,0.49207922,0.46205605,183.781819,0.533873351,0.53267252,0.596589781,0.666835852,0.56442994,0.564964333,0.318348676,0.395501203,180.4016991,285.4177196,50.81795029,47.98175159,76.1884572,76.01708799,69.93470063,20.28787341,18.1729968,68.24783869,70.32442036,14.69450526,11.32646018,499.64662,243.96815,6433369.2,26369.709,734.48351,6.337509
59,165.1740484,0.494280244,0.430950749,0.53916346,181.3512086,0.601787424,0.451830512,0.643201828,0.675132437,0.512944171,0.546882564,0.459180018,0.555310833,181.1740484,276.4186017,38.49449623,47.53369655,83.17261912,62.44717915,81.64226889,24.97553582,25.57649808,87.25009362,63.7573242,16.47748115,14.9658436,499.64492,222.67244,5543016.4,24893.141,761.49219,9.2263956
60,162.4543923,0.477969012,0.642481537,0.489521728,172.9822071,0.671485319,0.454466291,0.733035126,0.617490153,0.555689212,0.548569432,0.342552123,0.535424665,178.4543923,259.5656794,43.29173618,30.3197919,87.14727155,58.98192576,77.64816532,21.6447313,25.28965137,82.06939085,77.86481381,17.76729517,7.745253173,499.61949,209.27538,4891822.2,23375.049,802.79744,8.5425834
61,154.2595079,0.727504537,0.409960126,0.302599513,154.5748306,0.715598082,0.612044096,0.464836035,0.390162526,0.622531809,0.39161949,0.604014462,0.263730193,170.2595079,213.2053119,29.31524067,24.80233557,76.2846561,65.24552616,112.2244918,26.638422,19.69100105,53.34471205,87.40582431,4.576200535,9.068331571,499.67297,141.64208,2381972.5,16816.842,891.64069,5.70E-06
62,164.339,0.419365591,0.615251113,0.471080383,155.6051616,0.628935166,0.484357705,0.728717267,0.586572376,0.595745979,0.641413544,0.373225624,0.506268631,180.339,256.5451103,50.46997435,36.71307669,80.67512075,62.12980048,68.91812191,14.49602476,20.30237487,86.543782,80.6561499,19.71003399,10.58386411,499.64554,225.33114,5751237.2,25523.49,804.36917,6.3201112
63,160.5412132,0.407762131,0.504119054,0.470399686,173.1810827,0.606431497,0.501732759,0.511021222,0.627659771,0.473747082,0.466627406,0.326152599,0.504852673,176.5412132,273.8883807,50.35364896,47.14765911,83.04727031,68.70938639,65.46262725,21.91535054,17.60462929,56.33175113,53.70641487,19.13582737,11.25609238,499.6471,234.90558,5957986.5,25363.325,755.77102,6.5783695
64,156.9746995,0.365012027,0.582549718,0.363526209,124.0731262,0.624937003,0.566421553,0.49803455,0.59635025,0.396764498,0.507126695,0.351532346,0.453330807,172.9746995,250.9567812,63.4418275,41.61021109,78.41608929,71.0736649,57.29765328,16.84121954,17.21405554,47.42969978,45.12219606,20.45868864,11.34366418,499.65914,229.93831,5760512.5,25052.427,805.92087,3.148247
65,161.2863755,0.410785554,0.643169423,0.598363591,183.792233,0.670891481,0.456034927,0.591049193,0.508783409,0.58977645,0.408253052,0.242126313,0.475302918,177.2863755,260.1290662,38.16841662,33.91041701,87.25918728,59.31396989,66.25411307,19.94719403,16.06412454,63.40168399,75.07831649,14.89688765,6.286503927,499.6432,219.03982,5318007.8,24278.725,796.4272,7.6807819
66,147.6271132,0.321300348,0.570884039,0.109264689,122.6624853,0.678457213,0.536319108,0.496323874,0.565338596,0.328999527,0.500279351,0.451534168,0.468064828,163.6271132,301.1559908,89.24675276,42.99504649,102.1607271,80.75785624,47.43264283,13.40026093,15.79666163,27.16345421,26.62219799,23.61009458,14.11107988,499.61453,267.45937,6308987.8,23588.584,693.58471,19.111195
67,166.6323771,0.432047694,0.654516912,0.529390891,177.5753491,0.647432177,0.402600376,0.697450553,0.595920971,0.531531184,0.538543474,0.292907979,0.546882188,182.6323771,266.6515286,44.53808976,32.69625783,86.3193898,53.67700283,71.9931342,19.79750869,23.52259282,89.22473628,74.56003035,19.88731861,7.373684305,499.68957,221.30114,5578391.2,25207.241,786.51539,12.75856
68,165.210028,0.528726827,0.558213769,0.481035268,172.6541782,0.616131134,0.468659762,0.608812413,0.758006578,0.30327999,0.557297712,0.466425524,0.458447917,181.210028,253.4663844,40.4061031,34.39705808,78.08426537,59.39474766,87.35097386,29.31247516,37.05181895,88.24750154,45.06446589,13.84143554,11.6456048,499.61161,197.27032,4576067.4,23196.938,814.55349,6.5728257
69,166.9926707,0.493338342,0.696677958,0.440441693,142.7902986,0.654331137,0.43925918,0.648668861,0.529722654,0.459896232,0.509793179,0.288604733,0.440898749,182.9926707,237.4773939,47.34354764,25.66370893,77.69442657,52.1570627,82.38388719,21.39292535,28.86307097,81.62448692,76.30289135,16.05531945,5.775893399,499.67954,195.56924,4624708.8,23647.424,859.39813,3.46E-06
70,148.1015377,0.307658913,0.667781204,0.340241222,124.5729542,0.710792505,0.576437305,0.444703544,0.603310232,0.306449157,0.477970841,0.374131094,0.409132229,164.1015377,259.8720349,67.64954031,34.06464543,92.35754727,74.89996765,45.56475816,14.35041706,14.05328856,34.16938616,27.73427164,19.2897667,9.886318583,499.66805,239.30132,5654967,23631.157,780.91112,6.1023091
71,166.4282247,0.579225842,0.500040106,0.501224611,159.9975311,0.612176065,0.504088,0.672256627,0.472068909,0.601442817,0.423498095,0.354607614,0.358498351,182.4282247,230.0206101,34.92859017,35.01153951,70.40655603,57.97531462,96.39952862,26.23499918,25.82858667,72.44098246,93.59000873,9.268334286,8.782001518,499.6551,185.64605,4224410.3,22755.185,879.76285,5.08E-07
72,166.1286952,0.597912924,0.541392096,0.517932879,173.4881281,0.610257743,0.509722981,0.560523251,0.819797971,0.352487251,0.367748496,0.512010291,0.513599429,182.1286952,237.8905613,32.20121659,30.63418306,72.5872785,60.62914301,99.33049392,51.48483261,36.05160061,62.90193322,56.56134715,12.07422077,11.09914552,499.64244,172.22458,3655109.2,21222.924,847.87247,1.05E-06
73,159.4089703,0.380743394,0.596549283,0.284467035,121.1825248,0.650304046,0.489603095,0.503081322,0.483474651,0.481126507,0.344623431,0.279357,0.440263682,175.4089703,262.450281,70.6338781,39.82666094,85.33623982,64.24823491,60.69391232,19.23134913,15.84326956,31.96921729,55.63068947,21.36875419,8.48921282,499.6216,233.19039,5851391.7,25092.765,782.6417,8.3840221
74,165.9092492,0.395074834,0.477484347,0.506273259,142.1921929,0.574789747,0.507625078,0.639157154,0.569197447,0.578009955,0.303089998,0.308038917,0.418659349,181.9092492,247.0743356,49.55173896,52.44107135,71.0078974,62.71056444,65.54656918,26.00097333,17.67908667,41.66593562,71.27605253,16.42031501,12.26227656,499.65363,225.42626,6008684.9,26654.769,820.78733,3.0457885
75,158.8041396,0.620762041,0.537070464,0.440379162,178.3197077,0.60152449,0.59944546,0.410194473,0.816392863,0.233693124,0.485893032,0.462104158,0.415129267,174.8041396,245.7255428,33.70291756,27.87972661,73.90496592,73.64953048,98.57958176,41.37515756,30.98699755,68.15894989,35.22948014,9.224723772,8.855415081,499.64551,169.76658,3258878.1,19196.228,836.55563,0.76385818
76,171.3352837,0.362276843,0.348548999,0.608393355,124.4225028,0.503459745,0.487244082,0.457663501,0.504157299,0.426486185,0.183833802,0.369085815,0.493762685,187.3352837,266.78341,42.78869564,71.18045364,67.15735378,64.99431882,62.07080562,25.54065586,16.29211789,27.99293842,45.44478793,17.583982,19.15238224,499.64886,245.46121,7088388.6,28877.837,774.1145,7.460757
77,170.589718,0.242007101,0.661048183,0.830041159,139.1523175,0.770457394,0.226386946,0.710286602,0.698257456,0.624244684,0.133450874,0.159211274,0.568349119,186.589718,226.8091859,21.97666305,43.82843419,87.37340716,25.67331947,41.28392305,24.97984449,11.01842996,46.71443166,61.26481881,12.21239797,5.7544,499.68125,222.8671,6176246.4,27712.689,854.67684,3.61E-07
78,167.8331776,0.575860207,0.677377709,0.360338144,33.84437685,0.70237724,0.520263204,0.632606241,0.357184408,0.273667293,0.495782658,0.396991329,0.22779076,183.8331776,124.9126888,45.53415598,22.96578043,43.86791482,32.49373783,96.64844847,17.40624763,44.40828073,98.87263889,68.37699873,8.161776663,7.698588826,499.61138,99.707626,1778511.6,17837.268,886.93412,3.22E-06
79,166.6992318,0.430044465,0.639961039,0.570004911,169.8967927,0.655905603,0.40531749,0.630255083,0.538194328,0.512690065,0.532553424,0.245432765,0.545434469,182.6992318,251.6054483,40.85432779,34.20771569,82.51471169,50.99004432,71.68808198,18.0350795,22.01752932,96.24209436,72.73762487,18.68831417,6.503653967,499.64845,214.35441,5387527.5,25133.737,820.59216,10.176185
80,166.12081,0.389881092,0.426734487,0.424498742,178.4210843,0.543052385,0.469259256,0.661200069,0.474817518,0.519541729,0.27157301,0.269572208,0.498097332,182.12081,295.079157,58.32903636,58.10243584,80.12172001,69.23431277,64.76736281,22.40108098,20.57523376,31.63908035,56.40353641,21.63552322,11.28901623,499.60853,253.35646,7005083,27649.12,714.38825,11.332554
81,166.4173506,0.374325026,0.480344759,0.518403554,163.3380386,0.597886862,0.455339696,0.673327894,0.51089181,0.592980621,0.510414983,0.433959973,0.53996896,182.4173506,271.5543423,50.14534938,54.10815184,81.17938674,61.82473589,62.29417901,15.58133001,17.07218702,69.96943086,66.14570998,21.79039039,17.45062694,499.61194,245.93747,6784218.8,27585.136,765.42959,9.1222661
82,166.5253217,0.503687877,0.612572784,0.524094424,165.3255696,0.616690098,0.475375057,0.678430542,0.54699375,0.565723991,0.442641955,0.312740939,0.407181529,182.5253217,243.9913678,39.33289912,32.02029218,75.23353031,57.99370519,83.87678581,25.57163036,24.71229098,74.07085016,89.12712595,12.4448183,7.596537923,499.65172,201.35748,4825801.7,23966.339,843.06195,3.2419971
83,156.1257163,0.172259849,0.621195749,0.584889287,91.3424496,0.725349416,0.639294158,0.327128772,0.519245975,0.54355284,0.237558554,0.30352078,0.404445473,172.1257163,198.6332297,53.64539007,48.9534507,72.03924862,63.49253172,26.89419235,10.64726693,4.015760083,17.53903371,38.1779436,18.60300284,12.58017639,499.63566,217.63243,5644256.4,25934.813,984.30234,0.79041757
84,158.8040094,0.620762041,0.537070464,0.440379162,178.3197077,0.60152449,0.59944546,0.410194473,0.816392863,0.233693124,0.485893032,0.462104158,0.415129267,174.8040094,245.7254875,33.70288993,27.87970375,73.9049493,73.64951392,98.57950094,41.37512363,30.98697215,68.15888027,35.22944285,9.22471508,8.855406658,499.64535,169.70039,3257732.7,19196.966,836.55297,0.76372933
85,171.7218125,0.575023022,0.895922994,0.309590644,5.932047,0.730907448,0.527094501,0.600730767,0.067707141,0.022434493,0.50859648,0.440632546,0.194589896,187.7218125,106.7011821,50.38456757,7.595312702,38.99434438,28.12080319,98.7439956,3.285363539,57.98777443,104.7711946,8.039206342,7.745608615,3.034364979,499.59964,81.224241,1259271.8,15503.645,866.45483,3.10E-06
86,160.662116,0.504285025,0.635560289,0.320596263,121.0154276,0.741857598,0.418414427,0.539101464,0.37468682,0.518491492,0.342202276,0.257854137,0.329534932,176.662116,229.2344105,54.10949143,29.02493225,85.02964456,47.95749227,81.01949928,19.96872507,21.03119895,46.17085557,73.89491561,12.81090686,5.517899849,499.70124,184.92311,4037408.8,21832.906,862.14502,1.77E-07
87,165.7185072,0.427216066,0.719779374,0.478861666,156.143968,0.681937504,0.39119347,0.559872412,0.473127357,0.425991139,0.542869263,0.191327638,0.488085295,181.7185072,255.0778058,49.46691892,26.5987936,86.97356111,49.89238599,70.79760876,15.31218169,22.75234967,87.00705272,62.04336671,19.61103152,4.000098182,499.59797,212.67349,5182837.4,24369.927,816.62854,14.046737
88,160.6713686,0.479962805,0.68738966,0.319798844,121.4379273,0.741853961,0.419223648,0.539843316,0.413544778,0.513959211,0.35664696,0.258387171,0.351920233,176.6713686,235.1064619,56.83426733,26.12018446,87.20733,49.28109436,77.11628072,20.51719442,20.23422249,46.19867674,73.56175792,14.43061059,5.094259424,499.59657,190.46146,4208501.2,22096.34,857.34372,8.11E-07
89,167.593416,0.270394348,0.696576824,0.676101593,159.3132909,0.653650248,0.438093104,0.641404148,0.603881139,0.422511886,0.409282644,0.295194171,0.445076933,183.593416,238.524009,39.60535904,37.10170711,77.95563886,52.24786179,45.31631239,16.16537405,16.78531036,64.06397262,49.27902647,15.85039069,9.237144719,499.70398,230.77144,6349215.4,27513.003,847.42591,6.5243849
90,155.1178036,0.697750794,0.49877396,0.328777974,162.7591944,0.698560659,0.610952682,0.669331317,0.455841839,0.544402661,0.514780111,0.56132542,0.551320419,171.1178036,225.6986542,31.46972987,23.49959844,78.83210027,68.94559907,108.2335706,23.93948281,33.00534752,69.54883101,78.93914786,10.48502591,8.371646397,499.595,151.60935,2665987.5,17584.585,886.07171,7.64E-07
91,163.2991176,0.440660885,0.679903981,0.435523473,187.3052205,0.534936442,0.534931309,0.58107528,0.345530359,0.553105851,0.402774401,0.316589062,0.385259612,179.2991176,290.4233227,51.55905107,29.23743718,77.67900952,77.6782641,71.95953371,14.84953883,18.68639005,47.40608016,82.77726802,14.14460777,7.304477885,499.59433,236.31247,5926237.6,25077.972,728.9467,5.768865
92,163.0045032,0.458022748,0.562278955,0.49164598,119.2819966,0.711411072,0.441176186,0.666742496,0.437225233,0.560379966,0.380661155,0.291972768,0.376118625,179.0045032,209.1027966,44.91039997,38.6703487,74.37902236,46.12558719,74.65977053,20.21716189,21.88377612,65.79901034,78.25201527,13.81784629,8.549895393,499.70713,182.91828,4287598.9,23439.97,900.25046,4.45E-07
93,156.09951,0.172259849,0.621195749,0.584889287,91.3424496,0.725349416,0.639294158,0.327128772,0.519245975,0.54355284,0.237558554,0.30352078,0.404445473,172.09951,198.6152206,53.63638547,48.94523367,72.03271714,63.48677514,26.88967805,10.64547974,4.015086022,17.53505319,38.16934219,18.59961221,12.57787548,499.70723,217.88712,5650341.7,25932.426,984.39793,0.78691564
94,162.2591076,0.3424931,0.578729285,0.424578026,120.1968931,0.700101359,0.428324836,0.609850568,0.467622912,0.549594655,0.348274348,0.353558884,0.402349176,178.2591076,242.9763863,61.38974659,44.94389097,85.05404918,52.0364104,55.57262473,16.93641576,15.26468607,42.50792028,59.91277248,19.8646332,12.26702894,499.70824,225.98084,5886164.1,26047.182,838.02233,11.381941
95,199.1773318,0.770629159,0.870436655,0.669482382,154.0951189,0.463804086,0.403637487,0.646180304,0.865263319,0.522690822,0.045698897,0.568442475,0.328576163,215.1773318,184.2948257,15.09985341,5.91916258,42.73834661,37.19415015,153.4918597,126.7415655,47.34115507,14.84957942,184.2362801,3.940131158,2.745404107,499.70869,138.66132,3011637.4,21719.377,767.17359,5.66E-07
96,196.3387028,0.033113664,0.578294236,0.386063983,75.15983117,0.341549964,0.537940093,0.779590086,0.8501152,0.787498437,0.478643956,0.236962493,0.300349737,212.3387028,308.2556311,116.5479,80.05544524,52.64234986,82.91153137,6.501493801,2.881544606,1.077064198,6.904131504,22.51850897,28.24707577,17.66817199,499.59033,327.94704,13204749,40264.884,707.02763,3.13E-06
97,158.7797534,0.620762041,0.537070464,0.440379162,178.3197077,0.60152449,0.59944546,0.410194473,0.816392863,0.233693124,0.485893032,0.462104158,0.415129267,174.7797534,245.7151919,33.69774209,27.87544535,73.90185275,73.64642807,98.56444374,41.36880392,30.98223914,68.14591022,35.22249641,9.223095857,8.853837626,499.71064,169.73942,3257946.7,19193.813,836.60226,0.76369617
98,161.5921966,0.348249865,0.506753036,0.504055272,157.2829372,0.641648349,0.47216917,0.616896199,0.506934186,0.478177814,0.494809482,0.278567346,0.543041309,177.5921966,261.7464889,52.23177587,51.94765347,83.97460118,61.7943112,56.27446071,14.4117962,18.11531858,60.63031665,48.98613365,22.7451188,10.83262814,499.71124,239.4443,6343806.6,26493.873,784.38788,8.8909772
99,166.7266228,0.479046495,0.610252435,0.40748649,121.3066143,0.702536544,0.389415865,0.623323758,0.542117985,0.539102369,0.440513235,0.230960978,0.502486605,182.7266228,224.2342912,51.4638384,33.8522335,78.76639196,43.6601952,79.86980429,24.22513761,22.94567174,73.81361512,80.87464711,20.47088954,5.931022197,499.71372,191.74497,4589127.7,23933.497,863.71494,2.78E-06
100,167.0950155,0.414261506,0.430448589,0.569797728,172.4786759,0.533268221,0.518407373,0.732760469,0.782832847,0.612922798,0.692302425,0.324425015,0.40263612,183.0950155,283.9672058,42.10560973,55.74426493,75.71534334,73.60534658,69.22103284,16.67366949,19.6334988,96.4323959,72.16020656,13.21651391,13.12623684,499.58567,248.28784,6766192.6,27251.405,740.49749,7.1746069
101,163.6053208,0.475386726,0.725428827,0.436560595,133.7400527,0.60470315,0.556610492,0.587705486,0.520811065,0.574648969,0.567506705,0.409240022,0.432512621,179.6053208,230.4595233,48.35973531,23.56631282,69.67979978,64.13809428,77.77579786,17.518788,19.4424822,76.90425284,99.87388204,15.3537271,7.800742401,499.58466,196.54421,4629413.9,23554.058,885.00367,1.1224963
102,174.1499305,0.500005674,0.540991485,0.598816236,147.8514447,0.539033134,0.458353287,0.725943274,0.391199382,0.4795908,0.522924353,0.320633412,0.568034457,190.1499305,227.7868386,34.93266591,39.96769692,61.39232674,52.20342309,87.07595345,16.25113308,32.89621187,109.8366561,84.68070806,16.43439076,10.01917617,499.58344,199.98978,5185054.8,25926.599,873.55206,9.20E-07
103,158.7766636,0.620762041,0.537070464,0.440379162,178.3197077,0.60152449,0.59944546,0.410194473,0.816392863,0.233693124,0.485893032,0.462104158,0.415129267,174.7766636,245.7138804,33.69708635,27.87490291,73.9014583,73.64603499,98.56252571,41.3679989,30.98163624,68.1442581,35.22161158,9.222889598,8.85363776,499.71869,169.74652,3258074.1,19193.761,836.60758,0.76467602
104,161.918892,0.43098046,0.654979791,0.55811296,186.1323109,0.624774653,0.492429699,0.585103607,0.478692049,0.559457106,0.405852718,0.262655995,0.395579076,177.918892,267.5588476,40.71326833,31.78844159,83.58199314,65.8769614,69.78387854,19.84748268,17.98771839,58.03603003,76.3413506,12.64081218,6.437587461,499.71916,221.4869,5380938.5,24294.613,777.73164,4.7715856
105,161.036321,0.394770171,0.634456789,0.451190957,125.0816992,0.58963801,0.564237804,0.555215386,0.702010255,0.374134546,0.282131572,0.417047091,0.429105449,177.036321,232.0599317,53.48911626,35.62729801,68.41567817,65.46849316,63.57233601,32.03734219,22.09075927,33.65362791,53.55748469,17.4039358,12.04792584,499.72175,205.23207,5072226.3,24714.589,863.18551,1.3335436
180,171.3053234,0.362276843,0.348548999,0.608393355,124.4225028,0.503459745,0.487244082,0.457663501,0.504157299,0.426486185,0.183833802,0.369085815,0.493762685,187.3053234,266.7585163,42.78121346,71.16800678,67.15108729,64.98825416,62.0599517,25.53618973,16.289269,27.98641128,45.43501326,17.58061363,19.14867125,499.72477,245.4923,7088698.1,28875.439,774.19614,7.4682598
106,164.1048507,0.523429671,0.732499654,0.445556926,125.606211,0.634561963,0.560305788,0.600495742,0.57985778,0.703033526,0.619367445,0.43454838,0.456678857,180.1048507,212.3294274,43.3616082,20.92053403,67.36808911,59.48470355,85.89734802,18.95863978,15.31782527,92.8238169,130.6225882,14.54526733,7.273651886,499.72535,180.9343,4088399,22596.042,913.17104,8.09E-06
107,167.903781,0.490850468,0.700199399,0.440898646,126.1261601,0.673429761,0.439340352,0.592817914,0.562900608,0.616248084,0.55959584,0.275918881,0.500196894,183.903781,221.7192203,47.79653009,25.62939321,74.65616079,48.70510012,82.41564953,20.4311502,18.74914908,94.0072372,105.8197218,18.72810308,5.584153151,499.72985,191.36996,4564586.4,23852.158,879.93644,4.10E-07
108,165.8893236,0.347866876,0.423916112,0.531765481,182.8397421,0.582929574,0.429775842,0.674959375,0.686156253,0.591696602,0.55776169,0.512162574,0.571260086,181.8893236,307.4834675,50.65451061,62.32186268,89.62060332,66.07448307,57.7074008,17.51099807,15.9034791,70.7002839,55.82870207,23.27295315,22.72490186,499.73145,264.51278,7502435.5,28363.225,700.81304,21.296623
109,166.5297546,0.666887042,0.560889505,0.512572249,172.0300652,0.611865108,0.558144005,0.355090616,0.874890903,0.221093682,0.266416842,0.525181397,0.370585532,182.5297546,226.1084381,27.03918645,24.35887273,69.17393198,63.10053463,111.0565354,71.27666543,30.71627468,45.78499883,37.96773609,6.932171357,8.846647847,499.73162,147.07725,2686354.2,18264.921,824.81707,1.65E-06
110,160.6547808,0.501349161,0.645089121,0.320105508,121.2298759,0.741857185,0.41874495,0.539439793,0.385834414,0.51567893,0.346926155,0.257936168,0.342768978,176.6547808,230.1634435,54.46678381,28.43213813,85.37420218,48.18988983,80.5441395,20.29538053,21.04312763,46.52250072,73.69343562,13.41181515,5.427953954,499.73246,185.80147,4059793.8,21850.171,861.22239,6.29E-07
111,158.078246,0.474338746,0.631181636,0.151689017,132.989894,0.826660664,0.216526314,0.427251997,0.319441074,0.665456723,0.490495942,0.147806793,0.302062824,174.078246,273.9717295,70.49091772,30.64718659,113.2408259,29.66104431,74.98263704,12.20391332,10.71758947,55.59122891,78.10032218,14.54131938,3.153066539,499.56752,192.42531,3930506.2,20426.139,760.95052,2.60E-06
112,158.9916663,0.870953146,0.54787797,0.3502637,191.6089672,0.812528108,0.582907264,0.821586448,0.477137914,0.71148223,0.493298732,0.571556853,0.6165406,174.9916663,218.2707329,13.33088288,9.276356927,88.67555279,63.61579785,138.4742919,33.47842912,32.82426328,76.46036751,111.7996535,4.559255543,2.975131716,499.56653,126.15376,1839242.4,14579.371,870.92895,5.70E-06
113,150.0161049,0.419459091,0.669491811,0.249109589,164.3112671,0.75177201,0.425841455,0.487159034,0.639353949,0.369237818,0.744314379,0.16970049,0.5999423,166.0161049,295.1020887,65.39541083,28.78411884,110.9247451,62.83335137,62.92561895,10.28667818,19.33587825,65.72139403,38.46176643,25.64711423,3.499150927,499.73393,215.05322,4432149.9,20609.549,743.79322,44.695635
114,162.2040483,0.448790212,0.775069766,0.374003432,151.0310929,0.650926768,0.469670261,0.592706134,0.635165076,0.289002867,0.374596628,0.323038168,0.341538114,178.2040483,262.96987,55.9693886,20.11066568,85.58706374,61.75456373,72.79558916,28.91691071,30.67696119,45.77575287,44.10366278,13.78748877,5.141306808,499.73397,208.23663,4821407.8,23153.505,793.66233,6.6313855
115,145.2447557,0.278082217,0.473940373,0.309360437,154.006077,0.604184007,0.646377929,0.636779855,0.444808122,0.372112936,0.537434082,0.558107408,0.458140478,161.2447557,298.839785,72.416854,55.15986226,90.27710932,96.58172074,40.38998365,8.31036342,16.14895888,30.18903333,25.42967622,21.5679929,22.28880762,499.73535,287.14247,7102675.6,24735.72,686.81547,6.6936247
116,158.8585732,0.442778535,0.656999925,0.276922905,133.265896,0.766641226,0.329094847,0.449848275,0.424740686,0.39698466,0.425162355,0.250809975,0.324555475,174.8585732,261.2786072,64.00635562,30.36216319,100.1534758,42.9927216,70.33916625,17.1737953,19.08058281,51.47625317,48.50466099,15.16324588,5.582112795,499.56371,201.52056,4438769.4,22026.385,796.70446,4.12E-06
117,171.3002997,0.362276843,0.348548999,0.608393355,124.4225028,0.503459745,0.487244082,0.457663501,0.504157299,0.426486185,0.183833802,0.369085815,0.493762685,187.3002997,266.7543422,42.77995885,71.16591969,67.15003653,64.98723724,62.05813172,25.53544086,16.28879129,27.98531685,45.43337428,17.58004882,19.148049,499.73746,245.376,7085198.3,28874.863,774.21006,7.4555525
118,158.881608,0.428047626,0.749306848,0.315005182,130.1205319,0.741833311,0.423375517,0.556687014,0.470908828,0.480944003,0.365477277,0.267794992,0.425222774,174.881608,254.6152068,62.24733743,22.78116681,94.44102097,53.89892237,68.00889508,20.32121777,19.65128809,41.34435319,63.90617223,19.00616943,4.702245169,499.74131,205.90736,4620196.1,22438.228,819.1468,14.534228
119,164.1079999,0.400198177,0.658655498,0.527404699,162.2158442,0.649377236,0.458409262,0.594913364,0.608619241,0.579300334,0.532325781,0.363237451,0.489620499,180.1079999,255.2531078,46.5186318,33.59931672,82.87777882,58.50519439,65.67572239,18.69364392,16.43731018,77.76196079,78.06643131,18.39462692,9.583867386,499.7459,222.68065,5636647.1,25312.694,808.30652,7.2308269
120,169.4359684,0.467939586,0.650677978,0.58334898,161.423226,0.688953748,0.339131084,0.559973693,0.518064961,0.50539674,0.527607417,0.232896679,0.550858202,185.4359684,236.5455478,37.56116088,31.4914402,81.48447088,40.10997401,79.28579696,19.40361666,21.95937604,123.8250154,78.21967609,18.05209518,5.65102734,499.55398,200.0496,4901430.6,24501.077,838.88105,1.35E-06
121,169.5489324,0.514788628,0.867681523,0.718257776,215.0223602,0.784999209,0.237251977,0.774671896,0.865023185,0.195200488,0.085214525,0.200535263,0.299687842,185.5489324,261.3785749,23.17810734,10.88545346,102.5909872,31.00629182,87.28186222,69.06706666,54.41636261,30.18102427,32.61027525,6.403140953,1.668781108,499.55367,169.61752,3380514.5,19930.22,769.54795,1.33E-06
122,147.1423697,0.256860931,0.611889106,0.340814648,106.5243308,0.724573181,0.604610323,0.451387565,0.589474526,0.240371887,0.524476718,0.562282029,0.430984648,163.1423697,250.6845334,72.08010128,42.43885647,90.81964494,75.78322839,37.79512611,10.59430875,12.95944547,31.83783388,17.977107,21.91767228,18.48403085,499.55178,248.7374,6102096.7,24532.285,801.71338,5.5602597
123,169.2641537,0.029813943,0.31433421,0.877184131,235.1894574,0.519241851,0.456415349,0.356271505,0.244475622,0.350623461,0.09359315,0.245106089,0.525057203,185.2641537,460.3864052,20.16854217,112.5984739,119.5259445,105.0637109,5.046431911,1.118260945,1.167514011,1.449083702,2.691494557,9.309860151,18.91448854,499.54954,298.93489,9349217.6,31275.097,565.94615,158.78886
124,135.8587318,0.791389453,0.106132393,0.380199736,144.4162499,0.875165541,0.748375233,0.316216354,0.773155436,0.767796389,0.085840136,0.329345193,0.181048758,151.8587318,195.0834626,17.56610909,25.33360635,85.36516208,72.9978159,107.5171674,75.99180805,7.894617806,10.6916647,85.51133241,1.815056091,4.31740836,499.75271,94.742409,1038060.1,10956.657,883.6306,7.29E-06
125,161.3962762,0.602491856,0.471332234,0.699514563,177.343979,0.660570435,0.505642769,0.432068676,0.573614556,0.415252127,0.502494126,0.247174339,0.505505049,177.3962762,245.1787509,19.27804411,33.91738593,80.97891701,61.98643122,97.23994198,27.75000509,24.56779186,95.70102405,58.18075693,7.5184965,5.569217763,499.75354,177.20285,3560796,20094.462,846.50086,5.00E-07
126,153.4403423,0.654050712,0.490971969,0.376036074,150.2801163,0.696862489,0.612236487,0.509652037,0.511403262,0.563108998,0.414000679,0.574227052,0.318995534,169.4403423,216.5233428,33.12161326,27.02051975,75.44349786,66.28174535,100.3577651,30.07541218,22.34589973,55.90374021,79.31161718,6.724602352,10.14384728,499.75807,150.75365,2698195.8,17898.046,898.56266,7.58E-06
127,149.9278491,0.571285393,0.621221418,0.337873625,110.6336423,0.594658359,0.701801665,0.276628943,0.180660958,0.267259526,0.281519929,0.537481632,0.296784286,165.9278491,195.7516549,42.55900629,24.34647022,58.20267895,68.68941864,85.65159016,11.11768756,17.36133945,32.91268112,43.46479439,8.1141967,9.971150215,499.54144,142.81209,2574963,18030.428,914.68677,3.41E-06
128,166.1481978,0.389881092,0.426734487,0.424498742,178.4210843,0.543052385,0.469259256,0.661200069,0.474817518,0.519541729,0.27157301,0.269572208,0.498097332,182.1481978,295.0983901,58.3386529,58.11201502,80.1269423,69.23882542,64.77804082,22.40477418,20.57862594,31.64596153,56.41550673,21.63959194,11.29113689,499.54063,253.25804,7003008.9,27651.675,714.33024,11.320178
129,168.7305039,0.313217261,0.74555193,0.646982068,170.3981505,0.657901573,0.382307619,0.563161975,0.573476022,0.31220249,0.551552597,0.178082685,0.408767888,184.7305039,252.214432,40.90814072,29.48574701,82.96613582,48.21174946,52.84930633,13.59145868,20.47072451,99.22187964,41.00288611,14.99754722,4.386250479,499.76024,229.07151,6169820.5,26934.037,817.8911,12.151631
130,132.4772712,0.120403461,0.661275175,0.055988387,93.09658634,0.749366722,0.674687038,0.475244083,0.374424402,0.103317643,0.524948199,0.628934204,0.384202785,148.4772712,313.1014178,110.0024157,39.47043503,117.3138916,105.6227342,15.95072193,2.837170648,6.797288247,8.906465376,3.054160714,22.41552047,18.72579979,499.53851,371.02433,8252812.9,22243.32,644.58503,8.4144362
131,151.9191413,0.380559494,0.727652711,0.317573971,138.8951986,0.70062721,0.527796302,0.517983218,0.559633304,0.282973122,0.455684415,0.26852806,0.447567638,167.9191413,267.3344239,64.21961261,25.62920615,93.6508857,70.54906012,57.81427156,17.61121745,21.47267659,39.7713537,32.22864035,19.61544885,5.321718122,499.53703,223.83623,5064190.3,22624.534,772.70643,8.0502465
132,163.2242351,0.493766896,0.694940211,0.365304495,122.3100439,0.693494006,0.460906669,0.584396532,0.487547236,0.534821492,0.400854658,0.394472313,0.41021513,179.2242351,227.1992025,52.44457933,25.20694122,78.78064251,52.35881377,80.5947239,23.54265821,21.90957145,55.91584137,84.75680306,15.7436432,7.683358564,499.53701,187.19809,4237312.5,22635.447,878.91224,6.29E-06
133,162.8669256,0.145076912,0.642484869,0.779781339,52.62368087,0.744544486,0.619200115,0.619924657,0.510590419,0.706500147,0.222822231,0.286560872,0.465067738,178.8669256,152.1835616,30.66295904,49.77994035,56.65371582,47.11603937,23.62823057,9.376143172,4.299104474,25.35829025,57.56040172,13.41733087,12.82302918,499.53498,167.66972,4009182.4,23911.189,1025.5017,2.09E-06
134,162.491831,0.420096617,0.742263603,0.537977738,153.108017,0.762637246,0.347459241,0.444514301,0.45834122,0.387910359,0.516673421,0.132637948,0.533619443,178.491831,240.1803283,43.53615566,24.28638797,91.58523205,41.72643733,68.26226847,15.12203753,18.57297544,98.3457467,53.54076275,19.99435185,2.515818742,499.5344,198.41393,4543485.9,22899.027,836.41976,2.44E-06
135,172.0057947,0.345833979,0.940749137,0.840923961,243.7035935,0.666527282,0.345679782,0.477030088,0.166915388,0.365800025,0.635859009,0.118917956,0.648873695,188.0057947,279.5021754,17.89929095,6.66692765,93.14791269,48.30912558,59.48544846,3.61556926,17.99627962,157.2671112,57.66648546,10.74122159,0.673807301,499.53369,229.37897,5733269,24994.746,781.86487,15.169337
136,158.1628547,0.409103622,0.70650492,0.498555282,169.5881495,0.647495591,0.517892849,0.50546172,0.638660915,0.402928098,0.441920219,0.243316685,0.466644431,174.1628547,263.3160479,46.8639492,27.42942148,85.24799002,68.18474914,64.70499676,23.06239719,19.52777331,54.17306561,53.17079069,16.6484638,5.229142975,499.76687,217.99842,5144789.4,23600.122,785.43991,4.5702795
137,164.8544083,0.595199309,0.628887233,0.539516167,174.2198255,0.617361945,0.532871837,0.504846221,0.537180311,0.593256979,0.307339273,0.444796002,0.345603824,180.8544083,235.678925,30.72954975,24.76553445,72.7495998,62.79333089,98.12122994,36.50931078,20.14847601,52.05258,100.7833581,7.762085787,8.062455623,499.53093,177.31261,3743037.2,21109.82,870.60946,3.88E-08
138,164.6662228,0.370463183,0.657464812,0.505297316,159.5043711,0.588619621,0.517765445,0.62855512,0.636434105,0.584712456,0.559910332,0.441248815,0.498419481,180.6662228,262.0695447,51.28258683,35.5083793,77.12963805,67.84527727,61.00277298,17.08614919,15.92362169,69.52214242,79.11825449,20.01199141,12.64222978,499.53061,235.79674,6240354.8,26464.975,787.11375,4.421647
139,155.4954977,0.351216767,0.796301521,0.307483502,138.9369363,0.741764273,0.441370696,0.596688284,0.529657128,0.25337672,0.471606008,0.297314697,0.479849983,171.4954977,278.6630423,69.86305302,20.54968757,103.3511445,61.4968504,54.61262596,15.28430698,24.32999935,41.83817873,28.28180806,23.78928099,4.790838072,499.77105,226.40666,5154259.9,22765.496,767.17417,22.244397
140,159.3550257,0.574272734,0.603115419,0.459264467,155.8874428,0.607580882,0.618410093,0.72191508,0.387260507,0.616286526,0.592019429,0.340510865,0.338546728,175.3550257,229.2563644,36.68446077,26.92535623,69.64589204,70.88722484,91.51324622,14.45861361,25.34995104,82.9928483,98.54472497,8.544603586,6.738908344,499.52773,181.09995,3836270.4,21183.167,895.29173,0.38712254
141,163.4874182,0.307516234,0.501335702,0.512805449,116.4610059,0.695376094,0.451007353,0.681285382,0.606577765,0.568723066,0.393354474,0.396512213,0.416075891,179.4874182,229.3709529,55.15645607,56.45497349,79.7495387,51.72399322,50.27503519,18.50009118,14.77194512,51.92536992,55.44373707,19.4577234,17.20232426,499.78104,226.37408,6109067.1,26986.602,874.07835,6.5767311
142,157.926669,0.407964662,0.773935328,0.309036746,129.9942769,0.741774059,0.427045256,0.588582006,0.477538121,0.296018805,0.439065168,0.265580139,0.435081253,173.926669,259.2018748,64.60379896,21.13663286,96.13461339,55.34546548,64.42850017,17.25831839,26.69599185,46.67998399,38.22684367,20.10371569,4.369632523,499.7839,208.53694,4664246,22366.522,809.54282,17.324351
143,167.2545568,0.34474768,0.726217619,0.566854598,173.5865724,0.651997674,0.391181428,0.628654723,0.565966903,0.432890734,0.536990536,0.272408662,0.452526209,183.2545568,268.5267916,47.47010959,30.00488884,87.53942175,52.52134688,57.66062052,15.10985216,20.55692909,84.58308093,56.42876091,18.39633598,6.636069858,499.51547,233.46656,6181451.8,26476.818,781.52809,15.218319
144,166.1855177,0.463454296,0.687481298,0.406934567,154.9987971,0.536622139,0.527313682,0.537051178,0.62409737,0.366850596,0.434587132,0.324664684,0.322007117,182.1855177,260.7614909,52.8813469,27.86608187,69.96519454,68.75155093,77.01939211,27.17803959,26.18918377,55.51241159,62.32053469,12.20949597,7.286367201,499.78914,215.58886,5379520.9,24952.685,793.59166,3.0946472
145,137.947206,0.71681606,0.355282428,0.365491761,77.77142985,0.683731625,0.8847667,0.909789175,0.424842911,0.62891269,0.6296963,0.354403738,0.374688717,153.947206,128.142483,24.78670477,25.18552659,43.8075341,56.68810092,98.88277274,15.55632702,33.38393333,79.89333497,84.93733942,5.723841928,5.736344567,499.7896,80.629216,1110851.4,13777.281,996.57371,2.16E-06
146,160.4852932,0.407762131,0.504119054,0.470399686,173.1810827,0.606431497,0.501732759,0.511021222,0.627659771,0.473747082,0.466627406,0.326152599,0.504852673,176.4852932,273.8533021,50.33610969,47.13123656,83.03663394,68.70058637,65.4398252,21.90771695,17.59849722,56.30536286,53.68179643,19.12818273,11.25159646,499.7898,234.92162,5957965.6,25361.504,755.89102,6.6036633
147,164.8237398,0.504961132,0.644150085,0.651160819,176.5502274,0.618213244,0.515093191,0.465381653,0.679703482,0.551964257,0.388495703,0.214831238,0.488202908,180.8237398,234.6207754,28.46323911,29.035274,72.52283538,60.42578193,83.22958225,34.5936767,17.35400167,71.48679457,90.02908062,11.20013928,4.813546284,499.7919,188.88064,4304008.6,22786.923,874.22008,1.4103788
148,160.1751121,0.439700604,0.634482229,0.542570112,164.7471594,0.701684329,0.441414668,0.61827804,0.491153524,0.487861301,0.455598483,0.265346813,0.468993599,176.1751121,246.8521819,41.05251123,32.80376468,86.60615377,54.48208697,70.42909357,18.83166372,22.30095769,71.71350816,63.71192178,15.57374332,6.567502899,499.79202,204.21781,4757495.8,23296.185,831.03019,9.2359635
